,lyric
5,"('brrrt', 'NN')"
16,"('dabadabadeee', 'NN')"
16,"('dabadabadeee', 'JJ')"
16,"('dabadabadeee', 'JJ')"
16,"('dabadabadeee', 'NN')"
22,"('mmmmurda', 'NN')"
31,"('wooo', 'VBZ')"
33,"('yeaaaah', 'NN')"
33,"('aaaaaaahhhhhhh', 'JJ')"
38,"('brrr', 'NN')"
50,"('brrrbowbowbowbow', 'NN')"
62,"('iii', 'NN')"
93,"('pleeeeeease', 'NN')"
93,"('iahhhhhm', 'JJ')"
94,"('heyyy', 'VBP')"
94,"('haaa', 'NN')"
98,"('heeyyy', 'VB')"
98,"('gloriaaaa', 'NN')"
99,"('yeeeah', 'NN')"
115,"('outlawwwwz', 'NN')"
115,"('siiide', 'NN')"
119,"('thuuuuuuuug', 'JJ')"
121,"('pssst', 'NN')"
121,"('psssssst', 'NN')"
124,"('uhhh', 'VB')"
125,"('pleaaase', 'NN')"
143,"('gggggunit', 'NN')"
147,"('stillll', 'NN')"
151,"('gggggunit', 'NN')"
152,"('wooo', 'NN')"
156,"('ohhh', 'VBD')"
174,"('yeahhhhhh', 'JJ')"
187,"('mmmmmmmmm', 'NN')"
206,"('drrrat', 'NN')"
206,"('drrrat', 'NN')"
206,"('drrrat', 'NN')"
206,"('drrrat', 'NN')"
206,"('drrrat', 'NN')"
206,"('drrrat', 'NN')"
206,"('drrrat', 'NN')"
206,"('drrrat', 'NN')"
206,"('drrrat', 'NN')"
206,"('drrrat', 'NN')"
206,"('drrrat', 'NN')"
239,"('ooohha', 'RB')"
261,"('errr', 'NN')"
267,"('hiiipower', 'NN')"
269,"('kkk', 'VBN')"
300,"('squaaaad', 'JJ')"
300,"('squaaaad', 'NN')"
300,"('squaaaad', 'JJ')"
300,"('squaaaad', 'NN')"
300,"('squaaaad', 'JJ')"
302,"('iiis', 'NN')"
310,"('yeee', 'NN')"
314,"('ccccurrency', 'NN')"
314,"('cheeeeeks', 'NN')"
316,"('hiiipower', 'JJR')"
327,"('hiiipower', 'NN')"
329,"('kkk', 'NN')"
331,"('hiiipower', 'NN')"
345,"('shhh', 'JJ')"
361,"('mmmmurda', 'NN')"
363,"('hooooood', 'NN')"
363,"('yeahhhh', 'NN')"
363,"('yeahhhh', 'NN')"
363,"('yeahhhh', 'NN')"
363,"('yeahhhh', 'NN')"
363,"('babyyy', 'NN')"
367,"('psssht', 'VBZ')"
373,"('mmm', 'NN')"
373,"('mmm', 'JJ')"
395,"('uhhh', 'JJ')"
395,"('skrrrt', 'NN')"
399,"('oooh', 'VBP')"
399,"('aaah', 'VBP')"
404,"('sloooowww', 'NN')"
404,"('dooowwwn', 'NN')"
406,"('zzzz', 'NN')"
418,"('kssssht', 'NN')"
432,"('whawwwhats', 'NNS')"
435,"('shhh', 'NN')"
437,"('ummm', 'JJ')"
438,"('oooh', 'VBP')"
439,"('ahhh', 'NN')"
439,"('mmmmmayhem', 'NN')"
443,"('bzzzzt', 'NN')"
443,"('bzzzzt', 'JJ')"
443,"('bzzzzt', 'NN')"
443,"('bzzzt', 'NN')"
443,"('bzzzt', 'NN')"
443,"('bzzzt', 'NN')"
449,"('reeeeeemix', 'NN')"
449,"('jjjjones', 'NNS')"
449,"('ffffish', 'JJ')"
449,"('sssside', 'NN')"
449,"('mmmmouth', 'NN')"
449,"('ttttales', 'NNS')"
453,"('mmmoral', 'JJ')"
457,"('purrrr', 'NN')"
459,"('oooh', 'JJ')"
459,"('oooh', 'JJ')"
459,"('ennnnnn', 'NN')"
459,"('maattttiy', 'NN')"
459,"('ennnnnn', 'NN')"
459,"('ullllttil', 'JJ')"
459,"('oottttikk', 'NN')"
485,"('yeaaaaaaa', 'NN')"
485,"('ohhhhhhhh', 'NN')"
485,"('ohhh', 'NN')"
517,"('bbbut', 'VBD')"
524,"('shhh', 'NNS')"
524,"('shhh', 'NN')"
524,"('shhh', 'NNS')"
524,"('shhh', 'NN')"
524,"('shhh', 'NNS')"
524,"('shhh', 'NN')"
524,"('shhh', 'NNS')"
524,"('shhh', 'JJ')"
524,"('shhh', 'NNS')"
524,"('shhh', 'NN')"
524,"('shhh', 'NNS')"
524,"('shhh', 'NN')"
524,"('shhh', 'NNS')"
524,"('shhh', 'NN')"
524,"('shhh', 'NNS')"
524,"('shhh', 'RB')"
524,"('shhh', 'NN')"
534,"('oooh', 'NN')"
545,"('ooohrunrun', 'VBP')"
545,"('wwwhen', 'NN')"
545,"('wwwhen', 'NN')"
552,"('brrrrrrrrraaaaahhhhh', 'NN')"
557,"('ooooh', 'NN')"
557,"('ooooh', 'JJ')"
557,"('llllove', 'JJ')"
557,"('ooooh', 'JJ')"
557,"('llllove', 'JJ')"
558,"('rrrrum', 'NN')"
558,"('parrrumppump', 'NN')"
558,"('oooh', 'VBZ')"
558,"('ssasssoon', 'NN')"
558,"('seeeye', 'NN')"
558,"('rrrump', 'NN')"
558,"('seeeye', 'NN')"
558,"('rrrrum', 'NN')"
559,"('owww', 'VBP')"
560,"('oooooooooh', 'NN')"
567,"('brrrrrrrrbrrrrrrbrrrrrrbrrraaaat', 'NN')"
567,"('brrrrrrrrrrbrrrpbrrrpbrrrrp', 'VB')"
567,"('brrrrrrrrrrbrrrrpbrrrrpbrrrp', 'JJ')"
567,"('brrrrrrrrrrbrrrpbrrrpbrrrrp', 'VB')"
567,"('brrrrrrrrrrbrrrpbrrrpbrrrrp', 'VB')"
569,"('dddats', 'VBZ')"
597,"('hmmm', 'NN')"
597,"('uhhh', 'JJ')"
600,"('beanieeeeeeee', 'NN')"
600,"('beanieeeeeeee', 'JJ')"
600,"('beanieee', 'JJ')"
600,"('beanieee', 'NN')"
600,"('beanieeeeeeee', 'JJ')"
606,"('mmm', 'NN')"
611,"('oooh', 'NN')"
612,"('oooh', 'NN')"
636,"('ffffff', 'JJ')"
638,"('mmm', 'NN')"
638,"('fresssssh', 'VBZ')"
641,"('egggun', 'NN')"
649,"('aaah', 'VBP')"
649,"('boygrrrl', 'JJ')"
651,"('mmm', 'JJ')"
651,"('drrrop', 'NN')"
659,"('yeaaah', 'JJR')"
666,"('ggget', 'NN')"
666,"('ggget', 'VBP')"
668,"('fffunk', 'NN')"
668,"('fffunk', 'NN')"
669,"('shhhhh', 'NN')"
669,"('shhhhhhhh', 'VBZ')"
669,"('shhh', 'NN')"
669,"('shhhhhhh', 'VBZ')"
669,"('shhhhhhhhh', 'NN')"
670,"('shhhsnatching', 'VBG')"
671,"('kkk', 'NN')"
672,"('uhhhh', 'NN')"
682,"('mmmm', 'NN')"
687,"('mmmdrop', 'NN')"
688,"('wooo', 'JJ')"
693,"('deee', 'VB')"
698,"('dooooo', 'JJ')"
698,"('dooooo', 'NN')"
698,"('dooooo', 'NN')"
698,"('dooooo', 'NN')"
705,"('bummmm', 'NN')"
705,"('bummmm', 'NN')"
706,"('brrrlatt', 'RB')"
708,"('saxxx', 'NN')"
708,"('saxxx', 'JJ')"
710,"('saxxx', 'NN')"
715,"('booo', 'NN')"
715,"('booom', 'NN')"
715,"('bboooom', 'NN')"
715,"('boooomm', 'NN')"
715,"('booom', 'NN')"
716,"('saxxx', 'NN')"
718,"('everydayyyyy', 'JJ')"
718,"('biiitch', 'NN')"
718,"('toooooo', 'JJ')"
718,"('toooooo', 'VB')"
719,"('saxxx', 'NN')"
721,"('awooo', 'NN')"
725,"('mmm', 'NN')"
725,"('mmm', 'NN')"
725,"('mmm', 'NN')"
729,"('mmm', 'NN')"
729,"('welllll', 'NN')"
730,"('aiyyyyyyyyyyyyyyo', 'NN')"
730,"('hmmmmmmmmmmmmmmm', 'JJ')"
730,"('hmmmmmmmmmm', 'NN')"
730,"('hmmmmmmmmmmmmmmmmm', 'VBD')"
730,"('nahhhhh', 'RB')"
730,"('parrrrrrlay', 'VB')"
731,"('ahhh', 'JJ')"
731,"('hhhhey', 'NN')"
734,"('greeeat', 'NN')"
734,"('awiiite', 'JJ')"
735,"('dammmmn', 'JJ')"
736,"('whooo', 'JJ')"
736,"('stooopid', 'JJ')"
737,"('uuuuup', 'JJ')"
743,"('nooooooooooooooooooooooooooooooo', 'NN')"
747,"('marlll', 'NN')"
769,"('lll', 'NNS')"
770,"('dressshirt', 'NN')"
806,"('ohhh', 'JJ')"
806,"('ohhh', 'NN')"
806,"('ohhh', 'JJ')"
806,"('ohhh', 'NN')"
806,"('ohhh', 'NN')"
806,"('ohhh', 'NN')"
811,"('mmm', 'NN')"
814,"('dollll', 'NN')"
815,"('mmm', 'NN')"
824,"('xxx', 'JJ')"
824,"('brrr', 'NN')"
824,"('ahhh', 'JJ')"
826,"('aaaall', 'RB')"
826,"('aaaall', 'NN')"
826,"('aaaall', 'JJ')"
826,"('aaaall', 'RB')"
826,"('aaaall', 'RB')"
826,"('aaaall', 'NN')"
826,"('aaaall', 'VBP')"
826,"('aaaall', 'NN')"
826,"('aaaall', 'NN')"
826,"('aaaall', 'RB')"
826,"('aaaall', 'NN')"
826,"('aaaall', 'RB')"
826,"('aaaall', 'RB')"
826,"('aaaall', 'NN')"
826,"('aaaall', 'VBP')"
826,"('aaaall', 'NN')"
828,"('awwww', 'NN')"
836,"('ooo', 'NN')"
844,"('hoowoooo', 'NN')"
845,"('annnd', 'NN')"
846,"('ahhh', 'VBP')"
846,"('ahhhh', 'NN')"
846,"('______', 'NN')"
848,"('iiid', 'VB')"
848,"('ooooh', 'JJ')"
848,"('wayyyyyyyyy', 'NN')"
848,"('wayyyyyyyy', 'NN')"
848,"('welllll', 'RB')"
848,"('welll', 'JJ')"
848,"('wellllllllllllllllllllll', 'VB')"
848,"('freeeeeee', 'JJ')"
848,"('plaaaaaaaaace', 'NN')"
848,"('ooooooooohhhhh', 'NNS')"
848,"('mooooooooooost', 'NNS')"
848,"('ooooooooohhhhh', 'NNS')"
848,"('wellllllllllll', 'RB')"
848,"('welll', 'RB')"
848,"('welll', 'NNS')"
848,"('welll', 'JJ')"
848,"('welll', 'JJ')"
848,"('welll', 'NN')"
848,"('welll', 'NN')"
848,"('welll', 'NN')"
848,"('yeahhhhh', 'JJ')"
848,"('pleeeeeeeeeeeeeeeeeeeeeeeeeeeeeeeeeeeeease', 'NN')"
851,"('ahhhhhhhhhhhhhhh', 'RB')"
851,"('ollllld', 'JJ')"
852,"('hmmm', 'NN')"
853,"('sheeeeit', 'JJ')"
855,"('radiohhhh', 'NN')"
855,"('radiohhhh', 'NN')"
855,"('radiohhhh', 'NN')"
855,"('radiohhhh', 'NN')"
862,"('helll', 'NN')"
866,"('c44444', 'VBP')"
868,"('heeey', 'NN')"
868,"('maaajor', 'JJ')"
868,"('daaays', 'NNS')"
868,"('waaaay', 'VBN')"
868,"('slaaaya', 'VBP')"
868,"('saaay', 'JJ')"
868,"('praaayeras', 'NNS')"
868,"('yaaaya', 'JJ')"
868,"('flooow', 'NN')"
868,"('ohhh', 'RB')"
868,"('behooold', 'JJ')"
868,"('foooe', 'NN')"
868,"('soooul', 'NN')"
868,"('navahoooos', 'JJ')"
868,"('doooooooooooooooough', 'NN')"
885,"('iii', 'JJ')"
892,"('iii', 'NN')"
892,"('iii', 'NN')"
892,"('iii', 'NN')"
892,"('iii', 'NN')"
892,"('iii', 'NN')"
893,"('supresssed', 'VBN')"
895,"('onlyonlaaaaaaay', 'VBP')"
895,"('onlyonlaaaaaaay', 'VBP')"
895,"('onlyonlaaaaaaay', 'VBP')"
895,"('onlyonlaaaaaaay', 'VBP')"
895,"('fiiiyiiiire', 'NN')"
895,"('onlyonlaaaaaaay', 'VBP')"
895,"('onlyonlaaaaaaay', 'VBP')"
895,"('onlyonlaaaaaaay', 'VBP')"
895,"('onlyonlaaaaaaay', 'VBP')"
895,"('onlyonlaaaaaaay', 'VBP')"
895,"('onlyonlaaaaaaay', 'VBP')"
896,"('ooooh', 'JJ')"
896,"('oooo', 'NN')"
896,"('weee', 'NN')"
902,"('c601999', 'NN')"
906,"('hatazzzzz', 'NN')"
906,"('ohhhh', 'NN')"
908,"('yeahhhhhh', 'NN')"
913,"('oooh', 'VB')"
921,"('itttt', 'JJ')"
921,"('ohhh', 'JJ')"
922,"('truuuuuuuuue', 'NN')"
922,"('meeeee', 'JJ')"
922,"('meeeee', 'NN')"
922,"('knowwww', 'NN')"
922,"('shiiiiine', 'VB')"
922,"('shiiiiine', 'VB')"
922,"('shiiiiine', 'VB')"
922,"('shiiiiine', 'VB')"
923,"('oooooooooooookilla', 'NN')"
926,"('boooooone', 'NN')"
926,"('boooooone', 'NN')"
941,"('wooohooo', 'NN')"
941,"('wooohooo', 'JJ')"
944,"('ooooh', 'VBP')"
944,"('ooooh', 'VBP')"
944,"('ooooh', 'VBP')"
944,"('ooooh', 'VBP')"
944,"('ooooh', 'VBP')"
944,"('ooooh', 'VBP')"
944,"('ooooh', 'VBP')"
952,"('aaaaasked', 'VBD')"
954,"('loooong', 'JJ')"
955,"('hmmmright', 'JJ')"
955,"('yeaaah', 'NN')"
955,"('uhhh', 'JJ')"
961,"('whaoheee', 'NN')"
961,"('whaoheee', 'NN')"
961,"('faaaalse', 'JJ')"
961,"('whaoheee', 'NN')"
962,"('uhhh', 'JJ')"
984,"('mmmm', 'NN')"
984,"('mmmm', 'VBP')"
984,"('mmmm', 'VBP')"
987,"('mmm', 'NN')"
992,"('sssend', 'VBP')"
992,"('sssssend', 'JJ')"
995,"('hmmm', 'NN')"
1003,"('mmm', 'NN')"
1003,"('mmm', 'VBP')"
1003,"('mmm', 'VB')"
1003,"('mmm', 'VBP')"
1013,"('oooh', 'JJ')"
1014,"('mmm', 'JJ')"
1023,"('ccc', 'NNS')"
1084,"('bbbbuy', 'VB')"
1084,"('fulllength', 'NN')"
1084,"('fulllength', 'NN')"
1084,"('fulllength', 'NN')"
1084,"('fulllength', 'NN')"
1084,"('fulllength', 'NN')"
1131,"('peeew', 'NN')"
1134,"('ooow', 'VBP')"
1147,"('mmm', 'NN')"
1147,"('dddddddddddddamn', 'RB')"
1187,"('ffft', 'VBP')"
1197,"('grrr', 'NN')"
1208,"('iiii', 'NN')"
1209,"('lllies', 'NNS')"
1212,"('ohhh', 'JJ')"
1212,"('counterbrrrt', 'NN')"
1212,"('akbrrrt', 'NN')"
1212,"('phonebrrrt', 'NN')"
1217,"('okkk', 'NN')"
1246,"('crossstate', 'VB')"
1250,"('fulllength', 'NN')"
1250,"('brrr', 'RB')"
1251,"('pharrellll', 'NN')"
1254,"('gggot', 'VBD')"
1254,"('gggot', 'NN')"
1257,"('ahhha', 'VB')"
1257,"('uayyyc', 'JJ')"
1257,"('heyyyyyy', 'NN')"
1266,"('dddame', 'NN')"
1267,"('yyyyo', 'NN')"
1267,"('ohhh', 'NN')"
1267,"('ohhh', 'NN')"
1267,"('ohhh', 'NN')"
1267,"('ohhh', 'NN')"
1267,"('ohhh', 'NN')"
1267,"('saveaohhh', 'NN')"
1267,"('ohhh', 'VBP')"
1267,"('ohhh', 'NN')"
1267,"('ohhh', 'NN')"
1267,"('ohhh', 'NN')"
1267,"('ohhh', 'NN')"
1267,"('ohhh', 'NN')"
1267,"('ohhh', 'NN')"
1267,"('ohhh', 'RB')"
1267,"('ohhh', 'JJ')"
1282,"('hmmmm', 'NN')"
1286,"('ahhh', 'JJ')"
1286,"('sliiiiimer', 'NN')"
1287,"('heeeeyyyy', 'VBP')"
1287,"('heeeeeyyyy', 'NN')"
1287,"('heeeeyyyy', 'VBP')"
1287,"('heeeeeyyyy', 'NN')"
1287,"('heeeeyyyy', 'JJ')"
1287,"('heeeeeyyyy', 'NN')"
1287,"('heeeeyyyy', 'JJ')"
1287,"('heeeeeyyyy', 'NN')"
1287,"('knooow', 'VBP')"
1287,"('knoooooow', 'VBP')"
1287,"('ooohowoooo', 'NN')"
1287,"('yeaahhh', 'NN')"
1292,"('meeeee', 'JJ')"
1295,"('psss', 'NN')"
1298,"('rrrrock', 'NN')"
1299,"('ummmm', 'JJ')"
1305,"('shiiiiit', 'NN')"
1313,"('kkky', 'NN')"
1313,"('kkky', 'NN')"
1319,"('naaaasty', 'JJ')"
1328,"('wacknesss', 'NN')"
1329,"('meeeee', 'NN')"
1335,"('pppppppppussy', 'JJ')"
1335,"('pppppppppussy', 'JJ')"
1335,"('pppppppppussy', 'NN')"
1335,"('pppppppppussy', 'JJ')"
1335,"('pppussy', 'JJ')"
1335,"('pppussy', 'NN')"
1335,"('pppppppppussy', 'JJ')"
1354,"('huhhhhh', 'NN')"
1354,"('huhhhhh', 'NN')"
1354,"('huhhhhh', 'NN')"
1354,"('huhhhhh', 'NN')"
1354,"('huhhhhh', 'NN')"
1354,"('huhhhhh', 'NN')"
1354,"('huhhhhh', 'NN')"
1354,"('huhhhhh', 'NN')"
1355,"('ttturn', 'NN')"
1377,"('buckooock', 'NN')"
1377,"('graaah', 'NN')"
1385,"('grrra', 'JJ')"
1394,"('soooo', 'NN')"
1395,"('doooooooooog', 'JJ')"
1396,"('baaad', 'VBP')"
1396,"('weeed', 'VBP')"
1399,"('boooooommmmmm', 'NN')"
1399,"('yeahhh', 'JJ')"
1402,"('towwwwn', 'NN')"
1402,"('undergrounnnnd', 'JJ')"
1404,"('aaaant', 'NN')"
1410,"('ahhh', 'NN')"
1411,"('siiiimon', 'NN')"
1413,"('hummm', 'NN')"
1413,"('hummm', 'NN')"
1413,"('hummm', 'NN')"
1413,"('hummm', 'NN')"
1413,"('oooo', 'NN')"
1413,"('hummm', 'NN')"
1413,"('hummm', 'NN')"
1413,"('hummm', 'NN')"
1413,"('hummm', 'NN')"
1413,"('hummm', 'NN')"
1413,"('hummm', 'NN')"
1413,"('hummm', 'NN')"
1414,"('ahhh', 'RB')"
1425,"('lalalalalalaaa', 'NN')"
1425,"('lalalalalaaa', 'NN')"
1425,"('lalalalalalaaa', 'NN')"
1425,"('lalalalalaaa', 'NN')"
1428,"('weweweweweeeeeeed', 'NN')"
1428,"('weeeed', 'NN')"
1428,"('weeeeed', 'VBD')"
1428,"('weeeeeeed', 'NN')"
1428,"('weeeeeeeeeed', 'VBD')"
1428,"('weeeeeeeeeed', 'VBD')"
1435,"('grrrrrah', 'JJ')"
1437,"('errrick', 'JJ')"
1437,"('serrrmon', 'NN')"
1437,"('bzzzzt', 'VBP')"
1451,"('dddj', 'NN')"
1451,"('dddj', 'NN')"
1452,"('mmmhmm', 'NN')"
1452,"('mmm', 'NN')"
1452,"('mmm', 'NN')"
1463,"('huuuuuh', 'NN')"
1474,"('uuup', 'JJ')"
1474,"('uuup', 'JJ')"
1474,"('uuup', 'JJ')"
1480,"('brrrr', 'NN')"
1480,"('brrrr', 'RB')"
1483,"('mmmmmmmmaybach', 'NN')"
1483,"('mmmmmaybach', 'NN')"
1486,"('rrreal', 'NN')"
1486,"('iii', 'NN')"
1492,"('rrrock', 'NN')"
1496,"('haaaan', 'NN')"
1496,"('haaaan', 'NN')"
1496,"('truuuu', 'VB')"
1501,"('ahhh', 'VBZ')"
1503,"('boyyyyyyy', 'NN')"
1504,"('mmm', 'NN')"
1507,"('shhhhhh', 'JJ')"
1508,"('ahhhhh', 'NN')"
1516,"('ahhhh', 'NN')"
1518,"('rrr', 'NN')"
1518,"('rrr', 'NN')"
1518,"('rrr', 'JJ')"
1522,"('grrrrr', 'RB')"
1526,"('errrrrrrr', 'RB')"
1538,"('rrrrrgh', 'NN')"
1548,"('ealllucation', 'NN')"
1558,"('oooooh', 'JJ')"
1558,"('oooooh', 'JJ')"
1558,"('oooooh', 'NN')"
1558,"('oooooh', 'JJ')"
1558,"('boooty', 'NN')"
1558,"('yooouu', 'NN')"
1558,"('oooooh', 'NN')"
1558,"('oooooh', 'JJ')"
1558,"('oooooh', 'JJ')"
1558,"('oooooh', 'JJ')"
1593,"('pusssy', 'VBP')"
1606,"('rrright', 'VBN')"
1611,"('ooohweeeeeee', 'JJ')"
1621,"('ohhhhhhhhh', 'NN')"
1625,"('eee', 'NN')"
1628,"('oooh', 'JJ')"
1628,"('nooohhh', 'JJ')"
1628,"('nooohhh', 'NN')"
1628,"('oooh', 'NN')"
1628,"('nooohhh', 'JJ')"
1628,"('nooohhh', 'JJ')"
1628,"('oooh', 'NN')"
1628,"('nooohhh', 'NN')"
1628,"('nooohhh', 'JJ')"
1628,"('oooh', 'NN')"
1628,"('nooohhh', 'NN')"
1630,"('oooh', 'NN')"
1630,"('oooooooh', 'JJ')"
1630,"('oooooh', 'JJ')"
1633,"('foooood', 'NN')"
1636,"('oooh', 'VBZ')"
1636,"('oooh', 'NN')"
1636,"('oooh', 'JJ')"
1636,"('oooh', 'NN')"
1644,"('blllink', 'VBP')"
1648,"('mmm', 'NN')"
1654,"('oooh', 'JJ')"
1657,"('waaaaaait', 'VBZ')"
1657,"('awww', 'JJ')"
1660,"('weee', 'NN')"
1660,"('weee', 'NN')"
1668,"('ddduhduhdoh', 'JJ')"
1669,"('oooh', 'JJ')"
1669,"('oooh', 'NN')"
1669,"('oooh', 'NN')"
1669,"('oooh', 'JJ')"
1669,"('oooh', 'NN')"
1669,"('oooh', 'NN')"
1669,"('oooh', 'JJ')"
1669,"('oooh', 'NN')"
1669,"('oooh', 'NN')"
1669,"('oooh', 'NN')"
1669,"('oooh', 'RP')"
1669,"('oooh', 'JJ')"
1669,"('oooh', 'NN')"
1669,"('oooh', 'NN')"
1669,"('oooh', 'JJ')"
1669,"('oooh', 'RB')"
1669,"('oooh', 'JJ')"
1669,"('oooh', 'NN')"
1669,"('oooh', 'JJ')"
1669,"('oooh', 'NN')"
1669,"('oooh', 'NN')"
1669,"('oooh', 'JJ')"
1669,"('oooh', 'RB')"
1669,"('oooh', 'JJ')"
1669,"('oooh', 'NN')"
1669,"('oooh', 'JJ')"
1669,"('oooh', 'RB')"
1669,"('oooh', 'JJ')"
1669,"('oooh', 'JJ')"
1669,"('oooh', 'RB')"
1669,"('oooh', 'JJ')"
1685,"('sssch', 'NN')"
1687,"('mmm', 'VBN')"
1693,"('bbbeen', 'RB')"
1716,"('mmmmmmmmmmmmmmmmmmmmmmmmmmmmmmmmmmmotherfucking', 'VBG')"
1716,"('mmmmmmmmmmmmmmmmmmmmmmmmmmmmmmmmmmmotherfucking', 'VBG')"
1716,"('aaaaaaaaaaaaaaaaaaaaaaaaaaaaaaaaaaaaaa', 'NN')"
1716,"('riverriverrrrriver', 'NN')"
1716,"('iiiiiiiiiiiiiiiiiiiiiiiiiiiiiiiiiiiiiiiiiiiiiiiiiiiiiiiiiiiiiiiiiiiiiiiiiiiiiiiiiii', 'VBP')"
1716,"('rrrrrrrrrr', 'JJ')"
1716,"('iiiii', 'NN')"
1716,"('mammmmmmmmmmmaximise', 'NN')"
1716,"('mammmmmmmmmmmaximise', 'NN')"
1716,"('mammmmmmmmmmmaximise', 'NN')"
1716,"('mammmmmmmmmmmaximise', 'NN')"
1716,"('heeeeeeeeeeeeeereeeeee', 'NN')"
1716,"('ddddddance', 'NN')"
1716,"('aaaaaaaaaaaaaaaaaaaaaaaaa', 'VBN')"
1716,"('ikiiiiiiiiiiiiiiiiiiiiiiiiiiiwith', 'VBP')"
1716,"('iiiiiiiiiiiiiiiiiiiiiiiiiiiiiiiiiiiiiiiiiiiiiiiwith', 'JJ')"
1716,"('gggggget', 'NN')"
1716,"('ggggggget', 'NNS')"
1716,"('aaaaaaaaaaaaaaaaaaaaaaaaaaaaaaaaaaaaaaaaaaaaaaaaaaaaaaaaaaaaa', 'RB')"
1716,"('ohohohohohohohhh', 'NN')"
1716,"('aaaaaaaaaaaaaaaaaaaaaaaaaaaaaaaaaaaa', 'JJ')"
1716,"('atttfuck', 'JJ')"
1716,"('atttfuck', 'JJ')"
1716,"('atttfuck', 'JJ')"
1716,"('atttfuck', 'JJ')"
1716,"('atttfuck', 'JJ')"
1716,"('atttfuck', 'NN')"
1716,"('oooooooooooooooooooooo', 'NN')"
1716,"('ibiiiiiii', 'NN')"
1716,"('jjj', 'NN')"
1716,"('aaaaaaaaaaaaaaaaaaaaa', 'VBP')"
1717,"('ooooverlord', 'NN')"
1717,"('ooooverlord', 'NN')"
1717,"('ooooverlord', 'NN')"
1717,"('ooooverlord', 'NN')"
1717,"('ooooverlord', 'NN')"
1717,"('ooooverlord', 'NN')"
1723,"('aaaah', 'NN')"
1724,"('bbb', 'VBP')"
1727,"('aaaaaaaaaaaaaaaaaaaaa', 'RB')"
1737,"('hellll', 'JJ')"
1743,"('tttttthis', 'VBZ')"
1743,"('tttttthis', 'VBZ')"
1743,"('tttttthis', 'VBZ')"
1743,"('tttttthis', 'VBZ')"
1749,"('wwwwwwwhammy', 'NN')"
1749,"('wwwwwwwhammy', 'NN')"
1749,"('wwwwwwwhammy', 'VBP')"
1749,"('wwwwwwwhammy', 'NN')"
1749,"('wwwwwwwhammy', 'NN')"
1749,"('wwwwwwwhammy', 'NN')"
1749,"('wwwwwwwhammy', 'NN')"
1749,"('wwwwwwwhammy', 'NN')"
1749,"('wwwwwwwhammy', 'NN')"
1749,"('wwwwwwwhammy', 'NN')"
1749,"('wwwwwwwhammy', 'NN')"
1749,"('wwwwwwwhammy', 'NN')"
1749,"('wwwwwwwhammy', 'NN')"
1749,"('wwwwwwwhammy', 'NN')"
1749,"('wwwwwwwhammy', 'NN')"
1763,"('seeem', 'VBP')"
1779,"('dccc', 'NN')"
1788,"('ggggood', 'NN')"
1789,"('ahhhhhhh', 'JJ')"
1793,"('mmmm', 'NN')"
1816,"('mmmhmmhmm', 'VBP')"
1816,"('mmmhmmhmm', 'VBP')"
1816,"('mmmhmmhmm', 'VBP')"
1816,"('mmmhmmhmm', 'VBP')"
1816,"('mmmhmmhmm', 'VBP')"
1816,"('mmmhmmhmm', 'VBP')"
1816,"('mmmhmmhmm', 'VBP')"
1816,"('mmmhmmhmm', 'VBP')"
1817,"('brrrrrrraaaah', 'NN')"
1817,"('ooooooohaaaah', 'NN')"
1818,"('ohhhhhh', 'VBP')"
1822,"('iiidiot', 'NN')"
1829,"('hoooooh', 'VB')"
1836,"('uhhhhh', 'JJ')"
1837,"('aaaaaah', 'JJ')"
1837,"('yeeeeah', 'NN')"
1837,"('aaah', 'NN')"
1837,"('yeeeeah', 'NN')"
1842,"('hhhol', 'NN')"
1843,"('mmmmm', 'NN')"
1843,"('heeeeyheeeeeey', 'NN')"
1845,"('deeez', 'VBZ')"
1845,"('nuuuts', 'NNS')"
1847,"('yeahhh', 'NN')"
1855,"('eeeh', 'NN')"
1865,"('ohhh', 'NN')"
1865,"('ohhh', 'NN')"
1865,"('ohhh', 'JJ')"
1865,"('ohhh', 'NN')"
1865,"('ooooh', 'JJ')"
1872,"('mmmm', 'VBD')"
1883,"('mmmm', 'NN')"
1888,"('rrrr', 'NN')"
1888,"('rrr', 'NN')"
1896,"('burrrrat', 'NN')"
1896,"('bburrrrat', 'VBZ')"
1896,"('burrrrat', 'VBZ')"
1896,"('burrrrat', 'VBZ')"
1896,"('burrrrat', 'VBZ')"
1896,"('burrrrat', 'VBZ')"
1896,"('burrrrat', 'VBZ')"
1905,"('ohhhh', 'VBP')"
1905,"('ohhhh', 'VBP')"
1920,"('dddown', 'NN')"
1930,"('gggotta', 'NN')"
1930,"('gggotta', 'NN')"
1930,"('gggotta', 'NN')"
1933,"('mmmmmm', 'VBZ')"
1937,"('dddddollardollar', 'JJ')"
1937,"('dddddollardollar', 'JJ')"
1937,"('dddddollardollar', 'JJ')"
1956,"('ohhh', 'VBZ')"
1956,"('ohhh', 'JJ')"
1974,"('zzz', 'NNP')"
1978,"('mmmmm', 'VBZ')"
1978,"('welllll', 'NN')"
1978,"('ohhhhh', 'VBZ')"
1978,"('welll', 'VBZ')"
1978,"('ohhhhh', 'NN')"
1978,"('welll', 'VBZ')"
1978,"('ohhhh', 'VBZ')"
1978,"('wellll', 'VBZ')"
1978,"('ohhhh', 'VBZ')"
1978,"('wellll', 'RB')"
1978,"('ohhhh', 'VBZ')"
1978,"('wellll', 'VBZ')"
1978,"('ohhhh', 'VBZ')"
1978,"('wellll', 'RB')"
1978,"('ohhhh', 'VBZ')"
1978,"('wellll', 'VBZ')"
1978,"('ohhhh', 'VBZ')"
1978,"('wellll', 'VBZ')"
1978,"('ohhhh', 'VBZ')"
1978,"('wellll', 'VBZ')"
1978,"('ohhhh', 'VBZ')"
1978,"('ohhhh', 'VBZ')"
1982,"('streeets', 'NNS')"
1986,"('cruuuuuise', 'NN')"
1998,"('oooooh', 'RB')"
1998,"('oooooh', 'VBP')"
1998,"('oooooh', 'VBP')"
1998,"('oooooh', 'NN')"
1998,"('ayyyy', 'NN')"
1998,"('oooooh', 'NN')"
2010,"('mmm', 'VBZ')"
2016,"('oooh', 'NN')"
2016,"('mannnnnnnn', 'NN')"
2016,"('dammmmmmmn', 'JJ')"
2018,"('burrrp', 'NN')"
2022,"('dammmmmn', 'VBP')"
2022,"('dammmmmn', 'NNS')"
2026,"('youuuuu', 'VB')"
2026,"('youuuuu', 'VB')"
2026,"('youuuuu', 'VB')"
2026,"('youuuuu', 'VB')"
2026,"('youuuuu', 'VB')"
2026,"('youuuuu', 'VB')"
2026,"('doooooo', 'NN')"
2026,"('doooooo', 'NN')"
2026,"('doooooo', 'NN')"
2026,"('doooooo', 'NN')"
2026,"('oooooh', 'JJ')"
2026,"('youuuuu', 'VB')"
2026,"('youuuuu', 'VB')"
2026,"('youuuuu', 'VB')"
2026,"('youuuuu', 'VB')"
2026,"('youuuuu', 'VB')"
2026,"('youuuuu', 'VB')"
2026,"('oooh', 'RB')"
2026,"('youuuuu', 'VB')"
2026,"('youuuuu', 'VB')"
2026,"('youuuuu', 'VB')"
2026,"('youuuuu', 'VB')"
2026,"('youuuuu', 'VB')"
2026,"('youuuuu', 'VB')"
2026,"('dooooo', 'VB')"
2026,"('dooooo', 'NN')"
2026,"('hannnnnndle', 'VB')"
2026,"('dooooo', 'NN')"
2026,"('oooooh', 'JJ')"
2026,"('youuuuu', 'VB')"
2026,"('youuuuu', 'VB')"
2026,"('youuuuu', 'VB')"
2026,"('youuuuu', 'VB')"
2026,"('youuuuu', 'VB')"
2029,"('ooooooh', 'NN')"
2029,"('peeeimp', 'JJ')"
2029,"('peeeimp', 'NN')"
2029,"('oooooh', 'NN')"
2029,"('peeeimp', 'JJ')"
2029,"('peeeimp', 'NN')"
2029,"('ooooh', 'NN')"
2029,"('areahhhhh', 'NN')"
2029,"('areahhhhh', 'NN')"
2029,"('oooh', 'JJ')"
2029,"('ooooh', 'NN')"
2029,"('ooooh', 'VBP')"
2060,"('laaast', 'NN')"
2064,"('hiiiiiiiiiiiiiiiiiiiiiiiiiiiiiiiiiiiiiigh', 'VBP')"
2064,"('aaaaah', 'VBZ')"
2064,"('ooooh', 'JJ')"
2064,"('aaaaah', 'VBZ')"
2064,"('ooooh', 'JJ')"
2064,"('aaaaah', 'VBZ')"
2064,"('ooooh', 'JJ')"
2069,"('shhhhhhhh', 'NN')"
2072,"('baaaaaaack', 'NN')"
2078,"('hooo', 'VB')"
2078,"('ooooh', 'JJ')"
2078,"('hooo', 'VB')"
2078,"('ooooh', 'JJ')"
2078,"('hooo', 'VB')"
2078,"('ooooh', 'JJ')"
2080,"('biiiiiiiitch', 'VBP')"
2105,"('powppppow', 'NN')"
2105,"('vvvalvevalve', 'NN')"
2105,"('tttoweltowel', 'NN')"
2109,"('sparxxx', 'NN')"
2115,"('mmm', 'JJ')"
2115,"('mmm', 'NN')"
2122,"('wooo', 'VBP')"
2133,"('balllicker', 'NN')"
2140,"('gggoes', 'VBZ')"
2158,"('mhmmm', 'NN')"
2166,"('llllet', 'JJ')"
2166,"('llllike', 'NN')"
2166,"('pppellets', 'NNS')"
2166,"('eeelliott', 'NN')"
2172,"('presss', 'NN')"
2173,"('mmm', 'NN')"
2178,"('negaraaaar', 'JJ')"
2178,"('rolaaar', 'NN')"
2185,"('mmmm', 'NN')"
2185,"('mmmm', 'NN')"
2186,"('haaa', 'NN')"
2205,"('aaaint', 'NN')"
2205,"('aaaint', 'VB')"
2205,"('aaaint', 'NN')"
2205,"('aaaint', 'VB')"
2205,"('ggggone', 'VBN')"
2208,"('aaah', 'NN')"
2209,"('aaaand', 'NN')"
2209,"('ahhhhhhhhh', 'NN')"
2212,"('kkkeys', 'NNS')"
2215,"('skurttt', 'NN')"
2217,"('oooh', 'NN')"
2217,"('oooh', 'NN')"
2221,"('ahhh', 'JJ')"
2221,"('chillll', 'VBP')"
2231,"('yeahhhhhh', 'NN')"
2233,"('aaaoooowww', 'NN')"
2234,"('ohhh', 'NN')"
2236,"('oooooowwwww', 'JJ')"
2238,"('brrrrrrap', 'VB')"
2238,"('ggggunit', 'JJ')"
2243,"('whooo', 'NNS')"
2245,"('iii', 'NN')"
2245,"('jjjoe', 'NN')"
2246,"('heeey', 'NN')"
2248,"('ppppprofit', 'NN')"
2248,"('ppppprofit', 'NN')"
2248,"('ppppprofit', 'NN')"
2248,"('ppppprofit', 'NN')"
2248,"('grrrack', 'NN')"
2248,"('ggggot', 'VBD')"
2248,"('ggggot', 'VBD')"
2248,"('ppppprofit', 'NN')"
2248,"('ppppprofit', 'NN')"
2248,"('rrr', 'NN')"
2248,"('ppppprofit', 'NN')"
2248,"('ppppprofit', 'NN')"
2248,"('ppppprofit', 'NN')"
2248,"('ppppprofit', 'NN')"
2248,"('ppppprofit', 'NN')"
2248,"('ppppprofit', 'NN')"
2249,"('ohhhh', 'JJ')"
2249,"('owww', 'JJ')"
2249,"('ohhhh', 'JJ')"
2249,"('ohhhh', 'JJ')"
2252,"('yeaaah', 'NN')"
2252,"('yeaaah', 'NN')"
2252,"('yeaaah', 'NN')"
2252,"('yeaaah', 'NN')"
2254,"('yeaaaah', 'JJ')"
2254,"('yeaaaah', 'JJ')"
2261,"('mmm', 'NN')"
2261,"('mmm', 'NN')"
2261,"('mmm', 'NN')"
2262,"('mhmmm', 'NN')"
2263,"('mmm', 'NN')"
2264,"('yeaaaaaah', 'NN')"
2264,"('yeaaaaaah', 'NN')"
2264,"('squaaa', 'JJ')"
2271,"('ahhoooo', 'RP')"
2271,"('oooooh', 'VBD')"
2274,"('flyyyyyy', 'VBZ')"
2274,"('noooo', 'VBZ')"
2274,"('nooowhoa', 'JJ')"
2274,"('noooo', 'VBZ')"
2274,"('nooowhoa', 'JJ')"
2279,"('amerikkkas', 'RB')"
2279,"('xxxplosive', 'JJ')"
2281,"('kkk', 'NN')"
2282,"('shhh', 'NN')"
2285,"('yyyou', 'NN')"
2301,"('yeahhhhh', 'VBP')"
2301,"('yeahhhhh', 'VBP')"
2301,"('yeahhhhh', 'VBP')"
2301,"('19ssssomething', 'VBG')"
2301,"('liiiit', 'JJ')"
2301,"('yooo', 'NN')"
2301,"('ughhhh', 'RB')"
2301,"('ohhhhh', 'VBZ')"
2301,"('myyyy', 'NN')"
2301,"('godddddd', 'NN')"
2308,"('fffreak', 'VBP')"
2308,"('fffreak', 'VBZ')"
2308,"('fffreak', 'VB')"
2308,"('fffreak', 'VB')"
2308,"('nnnasty', 'JJ')"
2308,"('nnnasty', 'NN')"
2308,"('nnnasty', 'JJ')"
2313,"('hmmmmmmmmmmmmmmmmm', 'NN')"
2313,"('hmmmmmmmmmmmmmmmmm', 'JJ')"
2319,"('toniiiight', 'JJ')"
2319,"('toniiiight', 'NN')"
2319,"('toniiiight', 'NN')"
2321,"('mmm', 'NN')"
2321,"('mmm', 'NN')"
2321,"('mmm', 'NN')"
2321,"('mmm', 'NN')"
2321,"('mmm', 'NN')"
2321,"('mmm', 'NN')"
2321,"('mmm', 'NN')"
2321,"('mmm', 'NN')"
2321,"('mmm', 'JJ')"
2321,"('mmm', 'JJ')"
2321,"('mmm', 'NN')"
2321,"('mmm', 'NN')"
2321,"('mmm', 'NN')"
2321,"('mmm', 'NN')"
2321,"('mmm', 'NN')"
2321,"('mmm', 'NN')"
2321,"('mmm', 'NN')"
2321,"('mmm', 'NN')"
2321,"('mmm', 'JJ')"
2321,"('mmm', 'NN')"
2321,"('mmm', 'NN')"
2321,"('mmm', 'NN')"
2321,"('mmm', 'NN')"
2321,"('mmm', 'NN')"
2321,"('mmm', 'NN')"
2321,"('mmm', 'NN')"
2321,"('mmm', 'NN')"
2321,"('mmm', 'NN')"
2321,"('mmm', 'NN')"
2321,"('mmm', 'NN')"
2321,"('mmm', 'NN')"
2321,"('mmm', 'NN')"
2321,"('mmm', 'NN')"
2321,"('mmm', 'NN')"
2321,"('mmm', 'NN')"
2321,"('mmm', 'NN')"
2321,"('mmm', 'JJ')"
2321,"('mmm', 'NN')"
2321,"('mmm', 'NN')"
2321,"('mmm', 'NN')"
2321,"('mmm', 'NN')"
2321,"('mmm', 'NN')"
2321,"('mmm', 'NN')"
2332,"('aowwww', 'VBZ')"
2332,"('heyyy', 'JJ')"
2332,"('heyyy', 'JJ')"
2332,"('heyyy', 'JJ')"
2332,"('heyyy', 'JJ')"
2348,"('uhhh', 'JJ')"
2348,"('blockaaa', 'RB')"
2354,"('haaaaan', 'JJ')"
2360,"('ahhooooo', 'NN')"
2361,"('bbbitch', 'VBP')"
2361,"('bbbitch', 'VBP')"
2361,"('bbbitch', 'VBP')"
2367,"('ahhh', 'VB')"
2367,"('ahhh', 'NN')"
2367,"('ahhhhhh', 'NN')"
2367,"('ohhh', 'NN')"
2367,"('ahhh', 'NN')"
2367,"('ahhh', 'NN')"
2367,"('ahhh', 'NN')"
2375,"('haaanh', 'NN')"
2375,"('haaanh', 'NN')"
2381,"('lllick', 'NN')"
2381,"('nnname', 'RB')"
2381,"('pppromise', 'VB')"
2383,"('laaaaa', 'JJ')"
2388,"('ooooh', 'VBP')"
2388,"('oooh', 'NN')"
2388,"('oooh', 'RP')"
2388,"('sweeeeet', 'NN')"
2388,"('oooh', 'NN')"
2388,"('oooh', 'RP')"
2388,"('sweeeeet', 'NN')"
2388,"('ooooh', 'JJ')"
2388,"('oooh', 'NN')"
2388,"('oooh', 'RP')"
2388,"('sweeeeet', 'NN')"
2394,"('yooo', 'NN')"
2399,"('worrrrrd', 'VBD')"
2399,"('oooohhhh', 'NN')"
2399,"('nahhhh', 'JJ')"
2399,"('itsssssssssss', 'JJ')"
2399,"('ihhhh', 'NN')"
2399,"('slaaaaaave', 'VBP')"
2399,"('maaaaan', 'VBN')"
2428,"('deuuuce', 'NN')"
2459,"('brrrrrrrr', 'NN')"
2477,"('oooh', 'RB')"
2477,"('oooh', 'NN')"
2486,"('mmm', 'VBD')"
2505,"('xiii', 'NN')"
2514,"('fiiiiire', 'NN')"
2514,"('somebooooody', 'NN')"
2514,"('somebooooody', 'NN')"
2514,"('somebooooody', 'NN')"
2514,"('somebooooody', 'NN')"
2514,"('somebooooody', 'NN')"
2514,"('somebooooody', 'NN')"
2514,"('somebooooody', 'NN')"
2514,"('somebooooody', 'NN')"
2515,"('gggunit', 'NN')"
2515,"('wooooooo', 'NN')"
2515,"('boooooottom', 'JJ')"
2515,"('boooooottom', 'JJ')"
2515,"('boooooottom', 'JJ')"
2515,"('boooooottom', 'JJ')"
2515,"('boooooottom', 'JJ')"
2515,"('boooooottom', 'JJ')"
2515,"('boooooottom', 'JJ')"
2515,"('boooooottom', 'JJ')"
2515,"('boooooottom', 'JJ')"
2515,"('boooooottom', 'JJ')"
2515,"('boooooottom', 'JJ')"
2515,"('boooooottom', 'JJ')"
2519,"('gggggunit', 'JJ')"
2519,"('gggggunit', 'NN')"
2519,"('gggggunit', 'NN')"
2519,"('gggggunit', 'NN')"
2526,"('kkks', 'NN')"
2532,"('ooooh', 'JJ')"
2532,"('weee', 'VBP')"
2568,"('aiiight', 'NN')"
2568,"('aiiight', 'JJ')"
2568,"('aiiight', 'JJ')"
2568,"('aiiight', 'VBD')"
2568,"('aiiight', 'NN')"
2568,"('aiiight', 'NN')"
2568,"('aiiight', 'NN')"
2568,"('aiiight', 'VBD')"
2568,"('aiiight', 'VBD')"
2568,"('aiiight', 'NN')"
2568,"('aiiight', 'NN')"
2570,"('ahhhhhhhhhhhhhhhhhhhhhhhhhhhhhhhhhhhhhhhhhrahhahhh', 'NN')"
2571,"('iiiiiiii', 'NN')"
2571,"('iii', 'NN')"
2571,"('iii', 'NN')"
2571,"('iiii', 'JJ')"
2571,"('iii', 'JJ')"
2571,"('iiiiiiii', 'NN')"
2575,"('ggget', 'NN')"
2576,"('foxxx', 'NN')"
2576,"('foxxx', 'NN')"
2576,"('foxxx', 'NN')"
2580,"('oookaay', 'NN')"
2580,"('ooookaay', 'NN')"
2583,"('heahhh', 'NN')"
2602,"('mmm', 'NN')"
2610,"('foxxx', 'NN')"
2618,"('foxxx', 'VBP')"
2618,"('foxxx', 'NN')"
2618,"('foxxx', 'NN')"
2618,"('foxxx', 'NN')"
2633,"('moneyyyy', 'JJ')"
2633,"('yeahhhh', 'JJ')"
2633,"('yeahhhh', 'NN')"
2633,"('yeahhh', 'NN')"
2638,"('galll', 'NN')"
2638,"('kkk', 'NN')"
2646,"('nowwwwwwwwwwwwwwwwwwwwwwwww', 'VBP')"
2646,"('seeeeeee', 'VBP')"
2646,"('nowwwwwwwwwwwwwwwwwwwwwwwww', 'JJ')"
2646,"('morrrrrrrrn', 'NN')"
2646,"('nowwwwwwwwwwwwwwwwwwwwwwwww', 'JJ')"
2660,"('herrrrrrrre', 'JJ')"
2660,"('biiiiiiiiiitch', 'VB')"
2660,"('uhohhhhhhhhhh', 'JJ')"
2660,"('uhohhhhhhhhhh', 'JJ')"
2660,"('puuuuuuuuuuunk', 'JJ')"
2666,"('smoooooth', 'NN')"
2666,"('oooh', 'NN')"
2666,"('oooh', 'NN')"
2670,"('noooooooo', 'NN')"
2675,"('whoahhh', 'VBP')"
2676,"('ddd', 'NN')"
2676,"('ddd', 'NN')"
2676,"('dddirty', 'NN')"
2686,"('iii', 'JJ')"
2686,"('cccant', 'NN')"
2687,"('ohhhh', 'JJ')"
2687,"('sooo', 'VBP')"
2691,"('kkkilla', 'NN')"
2697,"('holllllllld', 'NN')"
2707,"('oooh', 'NN')"
2708,"('ooo', 'NN')"
2716,"('yaaaalll', 'VBP')"
2720,"('mmm', 'NN')"
2734,"('oooh', 'VBP')"
2748,"('wellllll', 'JJ')"
2755,"('hoooome', 'JJ')"
2756,"('mmm', 'VBP')"
2756,"('mmm', 'VBP')"
2772,"('hmmm', 'NN')"
2772,"('hmmm', 'NN')"
2779,"('mmmm', 'NN')"
2810,"('bosss', 'NN')"
2824,"('gggucci', 'JJ')"
2824,"('sss', 'NN')"
2832,"('awww', 'NN')"
2843,"('burrr', 'NN')"
2843,"('burrr', 'NN')"
2849,"('burrr', 'JJ')"
2859,"('iii', 'JJ')"
2859,"('iii', 'NN')"
2859,"('iii', 'NN')"
2859,"('iii', 'NN')"
2859,"('iii', 'NN')"
2859,"('iii', 'NN')"
2859,"('iii', 'NN')"
2859,"('iii', 'NN')"
2859,"('iii', 'NN')"
2891,"('mmm', 'NN')"
2891,"('mmm', 'NN')"
2891,"('mmm', 'NN')"
2891,"('mmm', 'NN')"
2891,"('mmm', 'NN')"
2891,"('mmm', 'NN')"
2891,"('mmm', 'NN')"
2891,"('mmm', 'NN')"
2891,"('mmm', 'NN')"
2891,"('mmm', 'NN')"
2891,"('mmm', 'NN')"
2891,"('mmm', 'NN')"
2891,"('mmm', 'NN')"
2891,"('mmm', 'NN')"
2891,"('mmm', 'NN')"
2903,"('stillll', 'NN')"
2903,"('stillll', 'NN')"
2903,"('stillll', 'NN')"
2913,"('mmm', 'VBP')"
2913,"('mmm', 'NN')"
2944,"('oooooohooooooh', 'JJ')"
2944,"('oooooohooooooh', 'NN')"
2944,"('uhhhhh', 'JJ')"
2944,"('ooooh', 'NN')"
2944,"('yeahhh', 'NN')"
2944,"('yeahhh', 'NN')"
2946,"('ffft', 'NN')"
2947,"('mmm', 'NN')"
2953,"('stiggettyyooourhiggetyhorrron', 'NN')"
2954,"('playohhhoooohahhh', 'VB')"
2954,"('playayyyhey', 'VB')"
2956,"('mmm', 'NN')"
2956,"('mmm', 'NN')"
2957,"('mmmm', 'NN')"
2960,"('ahahhh', 'JJ')"
2960,"('ooohh', 'VB')"
2963,"('threeeight', 'NN')"
2978,"('hmmm', 'JJ')"
2978,"('hmmm', 'NNS')"
2980,"('swizzz', 'NN')"
2980,"('swizzz', 'NN')"
2980,"('swizzz', 'JJ')"
2980,"('zzzeed', 'VBD')"
2980,"('swizzz', 'JJ')"
2982,"('oooff', 'RB')"
2982,"('oooff', 'RB')"
2982,"('oooff', 'RB')"
2982,"('oooff', 'RB')"
2985,"('nananaaah', 'JJ')"
2985,"('nananaaah', 'JJ')"
2985,"('nananaaah', 'JJ')"
2985,"('nananaaah', 'JJ')"
2986,"('mmmhmm', 'NN')"
2986,"('oooooooooooooooo', 'VBP')"
2994,"('yeaaah', 'NNS')"
2994,"('psssssst', 'NN')"
3003,"('swizzz', 'NN')"
3005,"('awww', 'NN')"
3005,"('swizzz', 'VBD')"
3007,"('rosss', 'NN')"
3007,"('ehhh', 'JJ')"
3007,"('ehhh', 'JJ')"
3007,"('ayeee', 'JJ')"
3007,"('bwabwaaaaaboo', 'NN')"
3007,"('ehhh', 'JJ')"
3007,"('ayeee', 'JJ')"
3007,"('ehhh', 'JJ')"
3007,"('ehhh', 'JJ')"
3007,"('ayeee', 'JJ')"
3007,"('swizzzle', 'VBD')"
3012,"('oooh', 'VBP')"
3012,"('oooh', 'VBP')"
3012,"('oooh', 'VBP')"
3012,"('oooh', 'VBP')"
3029,"('shiiit', 'NN')"
3033,"('beeeotch', 'JJ')"
3035,"('amerikkkas', 'VBZ')"
3035,"('amerikkkas', 'NN')"
3038,"('iiiiiiii', 'VBZ')"
3038,"('yaaaaaa', 'JJ')"
3038,"('yaaaaaa', 'NN')"
3038,"('yaaaaaa', 'NN')"
3038,"('yaaaaaa', 'NN')"
3038,"('yaaaaaa', 'VBP')"
3038,"('yaaaaaa', 'JJ')"
3038,"('yaaaaaa', 'NN')"
3038,"('sheeeit', 'NN')"
3038,"('wayyy', 'NN')"
3038,"('ooo', 'JJ')"
3042,"('ahhh', 'NN')"
3049,"('iiiice', 'NN')"
3058,"('ehrrr', 'VBZ')"
3058,"('errr', 'NN')"
3066,"('brrrrr', 'NN')"
3073,"('ohhhh', 'NN')"
3073,"('ohhhh', 'NN')"
3073,"('ohhhh', 'NN')"
3076,"('threeeighty', 'NN')"
3078,"('amerikkkas', 'NN')"
3079,"('kkk', 'NNP')"
3085,"('aohhhh', 'JJ')"
3089,"('brrr', 'NN')"
3089,"('brrr', 'NNS')"
3092,"('kkk', 'NN')"
3092,"('amerikkkas', 'VBZ')"
3127,"('brrrahhhh', 'NN')"
3127,"('riiiing', 'VBG')"
3128,"('kkkill', 'VB')"
3131,"('stahhh', 'NN')"
3136,"('doooooown', 'RP')"
3136,"('doooooown', 'JJ')"
3136,"('ooooh', 'JJ')"
3136,"('doooooown', 'RB')"
3138,"('kkk', 'VBP')"
3144,"('screaaaaamm', 'VBP')"
3152,"('waaa', 'VBD')"
3152,"('awaaaaaaaaaaaaaaa', 'NN')"
3152,"('brrr', 'VBP')"
3152,"('brrr', 'NN')"
3152,"('ahhhhh', 'VB')"
3152,"('ahhhh', 'NN')"
3152,"('iii', 'VBP')"
3164,"('swiiing', 'VBG')"
3164,"('swiiiiiiing', 'VBG')"
3164,"('swiiiing', 'VBG')"
3166,"('whhoooop', 'VBN')"
3179,"('shaggyyyyyyyyyy', 'NN')"
3179,"('tiiiiime', 'NN')"
3179,"('mmmm', 'VBP')"
3179,"('mmmm', 'JJ')"
3182,"('ahhhhhh', 'JJ')"
3194,"('threeeighty', 'NN')"
3200,"('plaaattt', 'JJ')"
3204,"('everrry', 'JJ')"
3205,"('murdaaa', 'NN')"
3211,"('ohhhh', 'NN')"
3211,"('ohhhh', 'NN')"
3211,"('ohhhh', 'NN')"
3211,"('ohhhh', 'NN')"
3211,"('ohhhhh', 'NN')"
3211,"('ohhhh', 'NN')"
3211,"('ohhhh', 'NN')"
3211,"('ohhhh', 'NN')"
3211,"('ohhhh', 'NN')"
3211,"('ohhhhh', 'NN')"
3211,"('ohhhh', 'JJ')"
3211,"('ohhhh', 'JJ')"
3211,"('ohhhh', 'NN')"
3211,"('ohhhhh', 'NN')"
3211,"('ohhhh', 'JJ')"
3211,"('ohhhh', 'NN')"
3211,"('ohhhh', 'NN')"
3211,"('ohhhh', 'NN')"
3211,"('ohhhhh', 'NN')"
3211,"('ohhhh', 'JJ')"
3211,"('ohhhh', 'JJ')"
3211,"('ohhhh', 'NN')"
3211,"('ohhhhh', 'NN')"
3211,"('ohhhh', 'JJ')"
3211,"('ohhhh', 'NN')"
3211,"('ohhhh', 'NN')"
3211,"('ohhhh', 'NN')"
3211,"('ohhhhh', 'NN')"
3211,"('ohhhh', 'JJ')"
3211,"('ohhhh', 'NN')"
3211,"('ohhhh', 'NN')"
3211,"('ohhhh', 'NN')"
3211,"('ohhhhh', 'NN')"
3211,"('ohhhh', 'JJ')"
3211,"('ohhhh', 'NN')"
3211,"('ohhhh', 'NN')"
3211,"('ohhhh', 'NN')"
3211,"('ohhhhh', 'NN')"
3211,"('ohhhh', 'JJ')"
3211,"('ohhhh', 'NN')"
3211,"('ohhhh', 'NN')"
3211,"('ohhhh', 'NN')"
3211,"('ohhhhh', 'NN')"
3211,"('ooohhh', 'NN')"
3211,"('ooooooohhhhhh', 'JJ')"
3211,"('nooooooooooooo', 'NN')"
3211,"('ohhhh', 'JJ')"
3211,"('ohhhh', 'JJ')"
3211,"('ohhhh', 'NN')"
3211,"('ohhhhh', 'NN')"
3211,"('ohhhh', 'JJ')"
3211,"('ohhhh', 'NN')"
3211,"('ohhhh', 'NN')"
3211,"('ohhhh', 'NN')"
3211,"('ohhhhh', 'NN')"
3211,"('ohhhh', 'JJ')"
3211,"('ohhhh', 'NN')"
3211,"('ohhhh', 'NN')"
3211,"('ohhhh', 'NN')"
3211,"('ohhhhh', 'NN')"
3211,"('ohhhh', 'JJ')"
3211,"('ohhhh', 'NN')"
3211,"('ohhhh', 'NN')"
3211,"('ohhhh', 'NN')"
3211,"('ohhhhh', 'NN')"
3215,"('shiiiiit', 'NN')"
3224,"('hahaaaeeh', 'NN')"
3224,"('hahaaaeeh', 'NN')"
3226,"('ahhahhhh', 'RP')"
3232,"('owww', 'JJ')"
3234,"('wooooh', 'NN')"
3243,"('shhh', 'JJ')"
3245,"('haahaaaeeh', 'VBP')"
3245,"('fulllength', 'JJ')"
3247,"('errrr', 'RB')"
3250,"('ahhahhhh', 'NN')"
3252,"('hahaaaeeh', 'NN')"
3252,"('hahaaaeeh', 'NN')"
3254,"('mmmm', 'VBP')"
3254,"('mmmm', 'VBP')"
3278,"('woooo', 'NN')"
3279,"('mmmmmm', 'NN')"
3279,"('mmmmmm', 'NN')"
3304,"('gegegeyeahhh', 'VBP')"
3335,"('yeaaah', 'NN')"
3354,"('yeeeah', 'JJ')"
3375,"('yeaaaahhhh', 'NN')"
3375,"('yeaaaahhhh', 'NN')"
3375,"('yeaaaahhhh', 'NN')"
3379,"('nigggga', 'NN')"
3379,"('turboooh', 'NN')"
3385,"('awoooo', 'NN')"
3394,"('brrrrrrrrr', 'NN')"
3402,"('heeey', 'VB')"
3405,"('ggggo', 'JJ')"
3408,"('ayyye', 'NN')"
3411,"('amerikkkas', 'JJ')"
3420,"('scrrrr', 'NN')"
3421,"('amerikkkan', 'NN')"
3421,"('amerikkka', 'NNS')"
3421,"('amerikkka', 'NN')"
3429,"('iii', 'NN')"
3429,"('iii', 'NN')"
3429,"('iii', 'NN')"
3432,"('ummmm', 'JJ')"
3436,"('amerikkka', 'NN')"
3436,"('amerikkka', 'NN')"
3436,"('amerikkka', 'NN')"
3436,"('amerikkka', 'NN')"
3441,"('hmmm', 'NN')"
3443,"('amerikkka', 'JJ')"
3443,"('amerikkka', 'JJ')"
3443,"('amerikkka', 'JJ')"
3453,"('amerikkka', 'VBP')"
3453,"('amerikkka', 'NN')"
3465,"('amerikkka', 'JJ')"
3465,"('amerikkka', 'JJ')"
3465,"('amerikkka', 'NN')"
3465,"('amerikkka', 'JJ')"
3470,"('okaaayy', 'NN')"
3472,"('ohhhh', 'NN')"
3478,"('oooooh', 'NN')"
3478,"('rrrr', 'NN')"
3484,"('uhooo', 'JJ')"
3489,"('uhohhhh', 'JJ')"
3492,"('uuupp', 'JJ')"
3516,"('xxxtentacion', 'NN')"
3531,"('aaaahhhh', 'NN')"
3531,"('aaaahhhh', 'JJ')"
3531,"('aaaahhhh', 'JJ')"
3531,"('aaaahhhh', 'NN')"
3531,"('aaaahhhh', 'NN')"
3531,"('aaaahhhh', 'JJ')"
3531,"('aaaahhhh', 'JJ')"
3531,"('aaaahhhh', 'NN')"
3531,"('aaaahhhh', 'NN')"
3531,"('aaaahhhh', 'JJ')"
3531,"('aaaahhhh', 'JJ')"
3531,"('aaaahhhh', 'NN')"
3531,"('aaaahhhh', 'NN')"
3531,"('aaaahhhh', 'JJ')"
3531,"('aaaahhhh', 'JJ')"
3531,"('aaaahhhh', 'NN')"
3531,"('aaaahhhh', 'NN')"
3531,"('aaaahhhh', 'JJ')"
3531,"('aaaahhhh', 'JJ')"
3531,"('aaaahhhh', 'NN')"
3531,"('aaaahhhh', 'NN')"
3531,"('aaaahhhh', 'JJ')"
3531,"('aaaahhhh', 'NN')"
3543,"('mmm', 'VBZ')"
3551,"('bdddddboomboomboomboom', 'NN')"
3553,"('chipppedy', 'NN')"
3553,"('peeeeeuuungghhh', 'NN')"
3558,"('shhhh', 'NN')"
3558,"('shhhh', 'JJ')"
3558,"('shhhh', 'RB')"
3558,"('shhhh', 'JJ')"
3558,"('shhhh', 'NN')"
3558,"('shhhh', 'JJ')"
3561,"('iii', 'NN')"
3562,"('oohoohoohoohoooooh', 'NN')"
3562,"('oohoohooooh', 'VBZ')"
3562,"('oohoohoohoohoooooh', 'RP')"
3562,"('oohoohooooh', 'VBZ')"
3562,"('oohoohoohoohoooooh', 'NN')"
3562,"('oohoohooooh', 'NN')"
3576,"('expaaaaansion', 'NN')"
3576,"('mmmm', 'VBZ')"
3576,"('uhhhhh', 'NNS')"
3594,"('ehhh', 'RB')"
3606,"('hooo', 'NN')"
3618,"('awww', 'NN')"
3618,"('freeeeee', 'JJ')"
3618,"('freeeeee', 'JJ')"
3618,"('hiiiii', 'VBZ')"
3618,"('freeeeee', 'JJ')"
3618,"('freeeeee', 'JJ')"
3618,"('freeeeee', 'JJ')"
3618,"('freeeeee', 'JJ')"
3618,"('yeahhh', 'JJ')"
3618,"('freeeeee', 'JJ')"
3618,"('freeeeee', 'JJ')"
3619,"('eeeh', 'JJ')"
3625,"('ooaaah', 'JJ')"
3625,"('ooaahhh', 'NN')"
3625,"('ooaaah', 'JJ')"
3625,"('ooaahhh', 'NN')"
3625,"('ooaaah', 'NN')"
3625,"('ooaahhh', 'NN')"
3625,"('ooaaah', 'JJ')"
3625,"('ooaahhh', 'NN')"
3626,"('ddddoing', 'VBG')"
3632,"('sssh', 'VBP')"
3632,"('llllllullaby', 'JJ')"
3632,"('flyyyyyy', 'JJ')"
3632,"('siiiiide', 'JJ')"
3633,"('yayyy', 'NN')"
3633,"('yayyy', 'NN')"
3642,"('iiii', 'NN')"
3644,"('bbbbbound', 'NN')"
3644,"('bbbbbound', 'NN')"
3650,"('rrrright', 'NN')"
3654,"('iii', 'JJ')"
3654,"('iii', 'NNS')"
3677,"('oooh', 'VB')"
3681,"('hiii', 'NN')"
3681,"('heyyy', 'NN')"
3682,"('hhhhigh', 'JJ')"
3686,"('aaadam', 'NNS')"
3686,"('blaaack', 'NN')"
3689,"('mmm', 'RB')"
3691,"('faaaaaaaa', 'NN')"
3691,"('faaaaaaaa', 'NN')"
3691,"('faaaaaaaa', 'NN')"
3691,"('faaaaaaaa', 'NN')"
3694,"('iiii', 'NN')"
3701,"('woooo', 'JJ')"
3701,"('woooowoooo', 'NN')"
3703,"('hiahighighighighhhh', 'VB')"
3703,"('alalalalahlalahhhhh', 'RB')"
3703,"('hiahighighighighhhh', 'VB')"
3703,"('alalalalahlalahhhhh', 'RB')"
3712,"('hiiipower', 'NN')"
3712,"('hiiipower', 'NN')"
3719,"('hiiipower', 'JJR')"
3719,"('hiiipower', 'NN')"
3727,"('ohhhh', 'NN')"
3727,"('ohhhh', 'NN')"
3727,"('ohhhh', 'JJ')"
3727,"('ohhhh', 'JJ')"
3728,"('hiiipower', 'NN')"
3728,"('mmm', 'VBP')"
3728,"('mmm', 'JJ')"
3728,"('mmm', 'NN')"
3728,"('mmm', 'NN')"
3728,"('hiiipower', 'JJR')"
3732,"('hiiipower', 'NN')"
3732,"('hiiipower', 'NN')"
3732,"('hiiipower', 'JJR')"
3732,"('hiiipower', 'NN')"
3732,"('hiiipower', 'JJR')"
3732,"('hiiipower', 'NN')"
3732,"('hiiipower', 'JJR')"
3732,"('hiiipower', 'NN')"
3732,"('hiiipower', 'JJR')"
3732,"('hiiipower', 'NN')"
3732,"('hiiipower', 'JJR')"
3732,"('hiiipower', 'NN')"
3732,"('hiiipower', 'JJR')"
3736,"('mmm', 'VB')"
3741,"('hiiipower', 'JJR')"
3741,"('yyyou', 'JJ')"
3752,"('mmm', 'NN')"
3753,"('faaall', 'VBP')"
3753,"('baaaall', 'VB')"
3778,"('wwwwwinners', 'NNS')"
3779,"('ooohhh', 'RB')"
3779,"('ooohhh', 'RB')"
3779,"('ooohhh', 'RB')"
3779,"('ooohhh', 'RB')"
3782,"('skiiirt', 'NN')"
3802,"('skrrrrrrt', 'NN')"
3805,"('wwwwwinners', 'NNS')"
3807,"('vrroommm', 'NN')"
3817,"('ahhhh', 'RB')"
3817,"('ahhhh', 'RB')"
3817,"('ahhhh', 'NNS')"
3817,"('ahhhh', 'NN')"
3824,"('llllook', 'NN')"
3824,"('pppray', 'NN')"
3827,"('mmmm', 'NN')"
3828,"('oooooooohooooooooh', 'NN')"
3828,"('oooooooohooooooooh', 'NN')"
3828,"('oooooooohooooooooh', 'NN')"
3828,"('oooooooohooooooooh', 'NN')"
3828,"('oooooooohooooooooh', 'NN')"
3828,"('zoninnnnnnnn', 'NN')"
3828,"('oooooooohooooooooh', 'NN')"
3828,"('oooooooohooooooooh', 'NN')"
3828,"('oooooooohooooooooh', 'NN')"
3828,"('oooooooohooooooooh', 'NN')"
3828,"('zoninnnnnnnn', 'NN')"
3828,"('oooooooohooooooooh', 'NN')"
3828,"('oooooooohooooooooh', 'NN')"
3828,"('oooooooohooooooooh', 'NN')"
3828,"('zoninnnnnnnn', 'NN')"
3828,"('oooooooohooooooooh', 'NN')"
3828,"('oooooooohooooooooh', 'NN')"
3828,"('oooooooohooooooooh', 'NN')"
3828,"('zoninnnnnnnn', 'NN')"
3829,"('mmm', 'NN')"
3830,"('mmm', 'NN')"
3832,"('mmm', 'VBZ')"
3832,"('mmmm', 'VBZ')"
3832,"('mmm', 'VBP')"
3832,"('mmmm', 'VBZ')"
3836,"('oooooooh', 'NN')"
3836,"('oooooooh', 'NN')"
3836,"('oooooooh', 'NN')"
3836,"('oooooooh', 'NN')"
3836,"('oooooooh', 'NN')"
3836,"('oooooooh', 'NN')"
3837,"('hmmm', 'VBP')"
3839,"('hmmm', 'VBZ')"
3839,"('mmm', 'NN')"
3839,"('hmmm', 'VBZ')"
3840,"('hmmm', 'JJ')"
3841,"('rrrrright', 'VBD')"
3841,"('rrright', 'NN')"
3841,"('rrrrright', 'VBD')"
3841,"('rrright', 'NN')"
3841,"('rrrrright', 'VBD')"
3841,"('rrright', 'NN')"
3841,"('mmm', 'NN')"
3841,"('mmm', 'NN')"
3841,"('mmm', 'NN')"
3842,"('naaaaaa', 'RB')"
3842,"('naaaaaa', 'JJ')"
3861,"('iii', 'JJ')"
3867,"('mmmm', 'NN')"
3870,"('ohhhohohh', 'NN')"
3870,"('mmm', 'NN')"
3870,"('mmm', 'NN')"
3870,"('mmm', 'NNS')"
3870,"('mmm', 'JJ')"
3870,"('mmm', 'NN')"
3872,"('mmmm', 'NN')"
3872,"('mmmm', 'NN')"
3874,"('mmm', 'NN')"
3874,"('mmm', 'NN')"
3875,"('mmmmmm', 'NN')"
3875,"('mmmmmm', 'NN')"
3875,"('mmmmmm', 'NN')"
3875,"('mmmmmm', 'NN')"
3875,"('mmmmmm', 'NN')"
3875,"('mmmmmm', 'NN')"
3875,"('mmmmmm', 'NN')"
3875,"('mmmmmm', 'NN')"
3875,"('mmmmmm', 'NN')"
3875,"('mmmmmm', 'NN')"
3875,"('mmmmmm', 'NN')"
3875,"('mmmmmm', 'NN')"
3875,"('mmmmmm', 'NN')"
3875,"('mmmmmm', 'NN')"
3875,"('mmmmmm', 'NN')"
3875,"('mmmmmm', 'NN')"
3875,"('mmmmmm', 'NN')"
3875,"('mmmmmm', 'NN')"
3879,"('mmm', 'NN')"
3882,"('hmmm', 'VB')"
3886,"('mmm', 'NN')"
3886,"('mmm', 'NN')"
3886,"('mmm', 'NN')"
3886,"('mmm', 'NN')"
3886,"('mmm', 'NN')"
3888,"('mmmmhmmmmm', 'NN')"
3888,"('mmmhmmmhmmm', 'NN')"
3888,"('mmmhmmmmm', 'JJ')"
3888,"('mmmhmmmhmmm', 'JJ')"
3900,"('brrr', 'NN')"
3900,"('brrr', 'NN')"
3912,"('mmmh', 'NN')"
3912,"('mmmh', 'NNS')"
3912,"('mmmh', 'NN')"
3912,"('mmmh', 'NNS')"
3920,"('iii', 'NN')"
3947,"('stillll', 'VBP')"
3947,"('stillll', 'VBP')"
3947,"('stillll', 'VBP')"
3955,"('kkk', 'NN')"
3955,"('kkk', 'NN')"
3956,"('kkk', 'NN')"
3956,"('kkk', 'NN')"
3983,"('bosss', 'NN')"
3983,"('bosss', 'NN')"
3983,"('bosss', 'NN')"
3983,"('bosss', 'NN')"
3983,"('bosss', 'NN')"
3983,"('bosss', 'NN')"
4004,"('mmmhmm', 'VBP')"
4004,"('yeahhhh', 'RB')"
4004,"('yeahhhh', 'JJ')"
4004,"('zzzzzzzt', 'NN')"
4010,"('soulllllllllll', 'NN')"
4010,"('yeahhhhh', 'VBP')"
4015,"('oooh', 'JJ')"
4015,"('ooooh', 'NN')"
4015,"('ooooh', 'NN')"
4020,"('perrriwinkle', 'NN')"
4021,"('ahhhhhhhhhhhh', 'VBP')"
4021,"('uhahhhh', 'JJ')"
4032,"('shhh', 'NN')"
4036,"('wwwhat', 'VBD')"
4037,"('deeecwalk', 'NN')"
4038,"('niggaaaass', 'NN')"
4038,"('niggaaaass', 'NN')"
4039,"('niggaaaass', 'NN')"
4039,"('niggaaaass', 'NN')"
4041,"('ayyy', 'JJ')"
4043,"('deee', 'NN')"
4049,"('sss', 'VBZ')"
4051,"('deee', 'NN')"
4051,"('deee', 'NN')"
4062,"('zzzzz', 'NN')"
4062,"('zzzzzzzzzz', 'NN')"
4062,"('zzzzz', 'NN')"
4062,"('owwwwww', 'JJ')"
4063,"('awww', 'JJ')"
4070,"('aaaahhhhhhhh', 'JJ')"
4070,"('aaaahhhhhhhh', 'JJ')"
4070,"('aaaahhhhhhhh', 'JJ')"
4070,"('aaaahhhhhhhh', 'JJ')"
4070,"('aaaahhhhhhhh', 'JJ')"
4070,"('aaaahhhhhhhh', 'JJ')"
4070,"('aaaahhhhhhhh', 'JJ')"
4070,"('aaaahhhhhhhh', 'JJ')"
4070,"('aaaahhhhhhhh', 'NN')"
4070,"('aaaahhhhhhhh', 'JJ')"
4070,"('aaaahhhhhhhh', 'JJ')"
4070,"('aaaahhhhhhhh', 'JJ')"
4070,"('aaaahhhhhhhh', 'JJ')"
4070,"('aaaahhhhhhhh', 'JJ')"
4070,"('aaaahhhhhhhh', 'JJ')"
4070,"('aaaahhhhhhhh', 'JJ')"
4070,"('aaaahhhhhhhh', 'JJ')"
4070,"('aaaahhhhhhhh', 'JJ')"
4070,"('aaaahhhhhhhh', 'JJ')"
4070,"('aaaahhhhhhhh', 'JJ')"
4070,"('aaaahhhhhhhh', 'JJ')"
4070,"('aaaahhhhhhhh', 'VBP')"
4070,"('aaaahhhhhhhh', 'JJ')"
4070,"('aaaahhhhhhhh', 'NNS')"
4077,"('mmm', 'NNS')"
4077,"('mmm', 'NN')"
4077,"('mmm', 'NN')"
4080,"('lll', 'NN')"
4085,"('wheeeeeeeeeeeeeeeeeeeeeeee', 'JJ')"
4085,"('worrrrd', 'VBP')"
4091,"('sfff', 'NN')"
4094,"('skillll', 'NN')"
4094,"('baaaaaad', 'NN')"
4094,"('worrrrrrd', 'NN')"
4094,"('swisssshhhh', 'VBN')"
4095,"('skillll', 'NN')"
4101,"('fulllink', 'NN')"
4106,"('ttttables', 'VBZ')"
4106,"('aaaable', 'JJ')"
4135,"('iiii', 'JJ')"
4139,"('mmm', 'JJ')"
4194,"('brrrr', 'NN')"
4207,"('mmm', 'NN')"
4207,"('mmm', 'VBP')"
4207,"('mmm', 'NN')"
4207,"('mmm', 'NN')"
4208,"('stillll', 'VBP')"
4208,"('mmm', 'NN')"
4211,"('mmm', 'NN')"
4211,"('mmm', 'NN')"
4211,"('mmm', 'NN')"
4211,"('mmm', 'NN')"
4211,"('mmm', 'VB')"
4211,"('mmm', 'NN')"
4212,"('mmmmmm', 'VBP')"
4212,"('mmm', 'NN')"
4215,"('rrr', 'NNS')"
4219,"('mmmmurda', 'NN')"
4225,"('mmmm', 'NN')"
4231,"('lllllls', 'VBZ')"
4231,"('lllllls', 'VBZ')"
4231,"('lllllls', 'VBZ')"
4231,"('lllllls', 'VBZ')"
4249,"('iii', 'NNS')"
4249,"('iii', 'NNS')"
4249,"('iii', 'NNS')"
4250,"('mmm', 'NNS')"
4250,"('mmm', 'NN')"
4250,"('mmm', 'NN')"
4261,"('giiiirl', 'NN')"
4266,"('yeaaaaah', 'NN')"
4340,"('brrrrrrrrrrrrrr', 'NN')"
4340,"('brrrrr', 'JJ')"
4344,"('sssssss', 'VBP')"
4346,"('hmmmm', 'NN')"
4348,"('iiiii', 'JJ')"
4348,"('iiiii', 'NN')"
4348,"('iii', 'NN')"
4381,"('thooong', 'JJ')"
4383,"('brrr', 'NN')"
4400,"('grillless', 'JJ')"
4403,"('threeeyed', 'JJ')"
4409,"('mmmm', 'NN')"
4409,"('mmmm', 'NN')"
4414,"('iii', 'NN')"
4419,"('mmmmmmm', 'NN')"
4425,"('dadadahhhhh', 'NN')"
4425,"('dadadahhhhh', 'NN')"
4425,"('knowowwwww', 'VB')"
4425,"('dadadahhhhh', 'NN')"
4425,"('dadadahhhhh', 'NN')"
4425,"('knowowwwww', 'VB')"
4428,"('murdahhh', 'NN')"
4428,"('murdahhh', 'NN')"
4431,"('riiight', 'VBZ')"
4431,"('riiight', 'VBZ')"
4437,"('shhh', 'NN')"
4440,"('ooowwww', 'JJ')"
4440,"('aaaaoooowwww', 'NN')"
4443,"('wwwdotcom', 'NN')"
4443,"('wwwdotcom', 'NN')"
4444,"('hmmm', 'NN')"
4448,"('ohhhh', 'RB')"
4448,"('ohhh', 'NN')"
4449,"('sssmith', 'NN')"
4455,"('asss', 'RB')"
4457,"('biiiitch', 'NN')"
4463,"('iii', 'RB')"
4464,"('ohhh', 'NN')"
4464,"('ohhh', 'NN')"
4465,"('ohhh', 'NN')"
4471,"('iii', 'NN')"
4501,"('aowwww', 'NN')"
4502,"('gooooooooood', 'NN')"
4502,"('hooooooood', 'NN')"
4502,"('woooooould', 'VBP')"
4502,"('woooooood', 'NN')"
4502,"('mooooore', 'NN')"
4502,"('droooooo', 'NN')"
4502,"('slowwww', 'NN')"
4502,"('rollllllll', 'NN')"
4502,"('doooooooooooor', 'NN')"
4502,"('moooooooooooore', 'NN')"
4502,"('stoooooooore', 'NN')"
4502,"('riiide', 'VB')"
4502,"('insiiiide', 'VBP')"
4502,"('siiight', 'JJ')"
4502,"('alriiiiight', 'VBD')"
4502,"('buuuuuuuucks', 'NNS')"
4502,"('fuuuuuuuuuuck', 'NN')"
4504,"('yeeeeah', 'NN')"
4505,"('iiiiiiis', 'VBZ')"
4506,"('grrreat', 'VBP')"
4510,"('meeeee', 'NN')"
4511,"('ohwhooooooo', 'RB')"
4511,"('cccc', 'NN')"
4511,"('ohwhooooooo', 'RB')"
4511,"('cccc', 'NN')"
4511,"('ohwhooooooo', 'RB')"
4511,"('cccc', 'NN')"
4511,"('ohwhooooooo', 'RB')"
4514,"('willllld', 'JJ')"
4514,"('smilllle', 'NNS')"
4514,"('stannnnd', 'VBP')"
4514,"('woullllld', 'VBP')"
4514,"('willllld', 'JJ')"
4514,"('smilllle', 'NNS')"
4514,"('cauuuuse', 'NN')"
4514,"('willllld', 'JJ')"
4514,"('smilllle', 'NNS')"
4515,"('maaan', 'NN')"
4517,"('uuup', 'VBP')"
4517,"('uuuuuuuup', 'JJ')"
4517,"('uuuuuuup', 'RB')"
4518,"('mmmkay', 'NN')"
4524,"('mmmc', 'NN')"
4524,"('mmmc', 'NN')"
4529,"('mmmy', 'NN')"
4529,"('annnnd', 'RB')"
4532,"('heyyy', 'VBP')"
4533,"('ooooh', 'NN')"
4533,"('ooooh', 'NN')"
4533,"('ooooh', 'NN')"
4539,"('ooohoooh', 'JJ')"
4539,"('ooohoooh', 'NN')"
4539,"('ooohoooh', 'NN')"
4540,"('hmmm', 'NN')"
4544,"('ohhhh', 'JJ')"
4544,"('ohhhh', 'NN')"
4544,"('ohhhh', 'NNS')"
4544,"('ohhhh', 'JJ')"
4544,"('ohhhh', 'JJ')"
4544,"('ohhhh', 'NN')"
4544,"('ohhhh', 'VBZ')"
4544,"('ohhhh', 'JJ')"
4544,"('ohhhh', 'NNS')"
4544,"('ohhhh', 'JJ')"
4544,"('ohhhh', 'JJ')"
4544,"('ohhhh', 'NN')"
4546,"('shhhh', 'NN')"
4546,"('shhh', 'RB')"
4552,"('bleeeeeeeeeeessed', 'VBD')"
4570,"('ddddeep', 'NN')"
4572,"('hooooood', 'NN')"
4578,"('thisss', 'NN')"
4586,"('uhhh', 'JJ')"
4592,"('helicopteriiiing', 'NN')"
4622,"('yayyy', 'VBZ')"
4624,"('bbbbe', 'NN')"
4627,"('ahhh', 'NN')"
4632,"('iii', 'NN')"
4633,"('steaddd', 'NN')"
4639,"('sorceresss', 'NN')"
4664,"('uummm', 'JJ')"
4675,"('brrrats', 'NNS')"
4677,"('mmm', 'NN')"
4677,"('mmm', 'NN')"
4683,"('mmm', 'VBP')"
4685,"('www', 'VB')"
4689,"('mmm', 'NN')"
4689,"('grarrrr', 'VB')"
4700,"('sss', 'JJ')"
4703,"('whaaaa', 'NN')"
4711,"('dolllalala', 'JJ')"
4711,"('dolllalala', 'NN')"
4730,"('oooowwheeee', 'NN')"
4731,"('fuuuck', 'JJ')"
4731,"('oooh', 'NN')"
4731,"('waaay', 'NN')"
4741,"('whaaat', 'NN')"
4755,"('mmm', 'NN')"
4755,"('mmm', 'NN')"
4755,"('mmm', 'NN')"
4757,"('shhh', 'VBP')"
4788,"('woooohoohoohooh', 'NN')"
4788,"('mmm', 'RB')"
4795,"('goooooooo', 'JJ')"
4812,"('mmm', 'NN')"
4824,"('pssst', 'NN')"
4825,"('rrround', 'VBD')"
4829,"('yeaaah', 'NN')"
4829,"('yeaaah', 'JJ')"
4829,"('yeaaah', 'NN')"
4829,"('yeaaah', 'JJ')"
4829,"('yeaaah', 'NN')"
4829,"('yeaaah', 'JJ')"
4838,"('ohhhh', 'NN')"
4838,"('ohhhh', 'NN')"
4838,"('ohhh', 'NN')"
4838,"('ohhhh', 'NN')"
4838,"('ohhh', 'NN')"
4838,"('ohhhh', 'NN')"
4838,"('ohhh', 'NN')"
4838,"('ohhhh', 'NN')"
4838,"('ohhh', 'JJ')"
4858,"('ughhhhh', 'JJ')"
4859,"('loook', 'JJ')"
4860,"('oooo', 'NN')"
4860,"('ughhh', 'JJ')"
4863,"('ohhhhhhh', 'VBP')"
4863,"('ughhhh', 'JJ')"
4863,"('ughhhh', 'JJ')"
4864,"('ahhh', 'VBP')"
4866,"('unhhhhhhh', 'VBP')"
4866,"('uhhhhh', 'NN')"
4866,"('uhhhhh', 'NN')"
4866,"('uhhhhh', 'NN')"
4866,"('uhhhhh', 'NN')"
4866,"('uhhhhh', 'NN')"
4866,"('uhhhhh', 'JJ')"
4873,"('tigggety', 'NN')"
4877,"('yeahhh', 'NN')"
4893,"('bllllrrrt', 'NN')"
4894,"('mmmaybach', 'NN')"
4895,"('ahhhh', 'NN')"
4902,"('mmmma', 'NN')"
4904,"('doodoodooodooo', 'RB')"
4909,"('ahhhhh', 'RB')"
4911,"('brrr', 'NN')"
4911,"('brrr', 'VBP')"
4923,"('skrrrr', 'NN')"
4935,"('mmmmurda', 'NN')"
4948,"('gggggone', 'NN')"
4950,"('mmmmurda', 'NNS')"
4966,"('guisepppe', 'NN')"
4969,"('oohhoooo', 'JJ')"
4969,"('oohhoooo', 'JJ')"
4969,"('oohhoooo', 'NN')"
4969,"('oohhoooo', 'NN')"
4975,"('oohoooh', 'JJ')"
4975,"('bbbounce', 'NN')"
4980,"('hooooo', 'NN')"
4980,"('hooo', 'NN')"
4980,"('ooooohs', 'NNS')"
4994,"('heyyyy', 'VBP')"
4994,"('soooo', 'VBP')"
5008,"('oooh', 'NN')"
5008,"('oooh', 'VBP')"
5008,"('oooh', 'VBP')"
5008,"('oooh', 'RP')"
5008,"('oooh', 'VBP')"
5008,"('oooh', 'VBP')"
5008,"('oooh', 'NN')"
5008,"('oooh', 'VBP')"
5008,"('oooh', 'VBP')"
5020,"('aaaaahhhhh', 'NN')"
5023,"('iii', 'JJ')"
5067,"('mmm', 'VBD')"
5077,"('ahhhhhhhh', 'JJ')"
5083,"('fivetwoohninethreeeightfive', 'JJ')"
5090,"('ooooohoooohoooooooh', 'RB')"
5103,"('flyyyy', 'JJ')"
5103,"('ayooooooooooooo', 'NN')"
5114,"('ooooooooooohahhhhhhhhh', 'JJ')"
5114,"('ahhhhhhhhahhhhhhahhhhhhahhh', 'NN')"
5146,"('owwww', 'NN')"
5148,"('mmmmmm', 'NNS')"
5148,"('whoooole', 'JJ')"
5148,"('slowwwww', 'JJ')"
5148,"('ahhhh', 'NN')"
5148,"('errrrybody', 'VBP')"
5149,"('hmmmmm', 'VBP')"
5150,"('hmmmmm', 'NN')"
5150,"('mmmmm', 'VBP')"
5151,"('mmmmm', 'NN')"
5151,"('mmmmm', 'VBP')"
5153,"('uhohhhhhhhhhhhhhh', 'JJ')"
5153,"('uhohhhhhhhhhhhhhh', 'JJ')"
5153,"('uhohhhhhhhhhhhhhh', 'JJ')"
5153,"('uhohhhhhhhhhhhhhh', 'NN')"
5153,"('uhohhhhhhhhhhhhhh', 'JJ')"
5153,"('uhohhhhhhhhhhhhhh', 'NN')"
5153,"('ouuuuuuut', 'JJ')"
5153,"('ouuuuuuut', 'NN')"
5153,"('ouuuuuuut', 'NN')"
5153,"('uhohhhhhhhhhhhhhh', 'JJ')"
5153,"('uhohhhhhhhhhhhhhh', 'NN')"
5153,"('uhohhhhhhhhhhhhhh', 'JJ')"
5153,"('uhohhhhhhhhhhhhhh', 'JJ')"
5153,"('uhohhhhhhhhhhhhhh', 'JJ')"
5153,"('uhohhhhhhhhhhhhhh', 'JJ')"
5153,"('uhohhhhhhhhhhhhhh', 'JJ')"
5154,"('goooooes', 'VBD')"
5154,"('goooooes', 'VBZ')"
5154,"('uhohhhhhhhhhhhhhh', 'JJ')"
5154,"('uhohhhhhhhhhhhhhh', 'RB')"
5154,"('uhohhhhhhhhhhhhhh', 'JJ')"
5154,"('uhohhhhhhhhhhhhhh', 'RB')"
5154,"('ohhhhh', 'JJ')"
5160,"('shhhh', 'JJ')"
5161,"('bbback', 'NN')"
5161,"('bbback', 'NN')"
5161,"('bbback', 'NN')"
5161,"('ttturn', 'NN')"
5161,"('bbback', 'NN')"
5169,"('oooo', 'JJ')"
5172,"('wooooeee', 'NN')"
5172,"('ohhh', 'NN')"
5172,"('uhhhhhhhh', 'JJ')"
5175,"('sayyyyy', 'VBP')"
5175,"('sayyyyy', 'NN')"
5175,"('noooo', 'JJ')"
5175,"('yeahhhh', 'NNS')"
5175,"('sayyyyy', 'VBP')"
5175,"('sayyyyy', 'NN')"
5175,"('noooo', 'JJ')"
5175,"('yeahhhh', 'NN')"
5175,"('noooo', 'JJ')"
5176,"('skurrrrt', 'VBP')"
5176,"('ooohwee', 'VBP')"
5176,"('skurrrrt', 'VBP')"
5176,"('ooohwee', 'VBP')"
5176,"('skurrrt', 'VBZ')"
5176,"('skurrrrt', 'NN')"
5176,"('ooohwee', 'VBP')"
5176,"('skurrrrrt', 'VBP')"
5176,"('skurrrrt', 'NN')"
5177,"('hooooooooohoooooooohhoooooooo', 'NN')"
5177,"('loooooose', 'VB')"
5177,"('doooooohoooo', 'NN')"
5177,"('oooooooooooooooh', 'NN')"
5177,"('dayyayyys', 'NN')"
5177,"('hooooooooohoooooooohhoooooooo', 'NN')"
5177,"('loooooose', 'VB')"
5177,"('doooooohoooo', 'NN')"
5177,"('hooooooooohoooooooohhoooooooo', 'NN')"
5177,"('loooooose', 'VB')"
5177,"('doooooohoooo', 'NN')"
5177,"('hooooooooohoooooooohhoooooooo', 'NN')"
5177,"('loooooose', 'VB')"
5179,"('worrrrld', 'NN')"
5179,"('worrrrld', 'NN')"
5179,"('worrrrld', 'NN')"
5182,"('woooo', 'NN')"
5184,"('iii', 'NN')"
5184,"('iii', 'NN')"
5184,"('yeahhhhh', 'NN')"
5186,"('skkkkrrr', 'NN')"
5188,"('ayyyyyy', 'NN')"
5188,"('ayayyyyyyyy', 'NN')"
5188,"('ballllls', 'NNS')"
5188,"('yeahhhhhh', 'RB')"
5188,"('gggo', 'VBN')"
5188,"('yeahhhh', 'NN')"
5190,"('skyyy', 'NN')"
5190,"('byyy', 'JJ')"
5190,"('skyyy', 'NN')"
5190,"('byyy', 'JJ')"
5190,"('skyyy', 'NN')"
5190,"('byyy', 'JJ')"
5190,"('skyyy', 'NN')"
5190,"('byyy', 'JJ')"
5190,"('skyyy', 'NN')"
5190,"('byyy', 'JJ')"
5190,"('skyyy', 'NN')"
5190,"('byyy', 'JJ')"
5190,"('skyyy', 'NN')"
5190,"('byyy', 'JJ')"
5190,"('skyyy', 'NN')"
5190,"('byyy', 'JJ')"
5190,"('skyyy', 'NN')"
5190,"('byyy', 'JJ')"
5191,"('owww', 'NN')"
5191,"('ayyy', 'NN')"
5191,"('khhh', 'NN')"
5196,"('iiiii', 'NN')"
5196,"('iiiiii', 'VBP')"
5200,"('dundddundundddundun', 'NN')"
5200,"('dundddundundddundun', 'NN')"
5200,"('ddddont', 'NN')"
5200,"('dddont', 'NN')"
5200,"('rrrrrrr', 'NN')"
5202,"('mmm', 'NN')"
5202,"('iiiima', 'NN')"
5208,"('ahahahaaah', 'NN')"
5208,"('rrrrr', 'NN')"
5209,"('iii', 'RB')"
5209,"('iii', 'RB')"
5211,"('mmm', 'NN')"
5211,"('mmm', 'VB')"
5213,"('rrr', 'NN')"
5213,"('rrrrrrrrrr', 'NN')"
5214,"('iiim', 'VBP')"
5216,"('nnnnicki', 'JJ')"
5216,"('nnnnicki', 'NN')"
5218,"('mmmh', 'NN')"
5218,"('rrrrrr', 'NN')"
5218,"('gggggimme', 'NN')"
5218,"('yyyyou', 'RB')"
5220,"('brrr', 'NN')"
5224,"('yyyou', 'VBP')"
5224,"('yyyou', 'JJ')"
5224,"('yyyou', 'VBP')"
5224,"('yyyou', 'JJ')"
5224,"('yyyou', 'VBP')"
5224,"('yyyou', 'JJ')"
5224,"('yyyou', 'VBP')"
5224,"('yyyou', 'JJ')"
5224,"('nnniggas', 'NN')"
5224,"('yyyou', 'VBP')"
5224,"('yyyou', 'JJ')"
5224,"('yyyou', 'VBP')"
5224,"('yyyou', 'JJ')"
5224,"('yyyou', 'VBP')"
5224,"('yyyou', 'JJ')"
5224,"('yyyou', 'VBP')"
5224,"('yyyou', 'JJ')"
5224,"('nnnnintendo', 'NN')"
5224,"('yyyyyou', 'VBP')"
5224,"('yyyyyou', 'VBP')"
5224,"('yyyou', 'VBP')"
5224,"('yyyou', 'JJ')"
5224,"('yyyou', 'VBP')"
5224,"('yyyou', 'JJ')"
5224,"('yyyou', 'VBP')"
5224,"('yyyou', 'JJ')"
5225,"('wwwwwwork', 'JJ')"
5225,"('wwwwwwork', 'NN')"
5225,"('jjjust', 'NN')"
5227,"('yyyyoung', 'VBP')"
5227,"('iiiiim', 'VBP')"
5227,"('iiii', 'NN')"
5227,"('iiii', 'NN')"
5228,"('oooh', 'NN')"
5236,"('mmm', 'VBP')"
5237,"('looove', 'VBD')"
5237,"('looove', 'VBD')"
5237,"('looove', 'VBD')"
5237,"('looove', 'VBD')"
5237,"('looove', 'VBD')"
5237,"('looove', 'VBD')"
5237,"('looove', 'VBD')"
5237,"('looove', 'VBD')"
5239,"('rrrrrrrrrrrrrrrrr', 'NN')"
5243,"('bbbbitch', 'NN')"
5244,"('bbbang', 'NN')"
5244,"('bbbbang', 'NN')"
5246,"('iii', 'VBP')"
5247,"('iii', 'NN')"
5247,"('rrroll', 'VBP')"
5247,"('eeeight', 'JJ')"
5247,"('iii', 'NN')"
5247,"('rrroll', 'VBP')"
5247,"('rrrrroll', 'VBP')"
5247,"('aaask', 'JJ')"
5247,"('aaaall', 'NN')"
5247,"('iii', 'NN')"
5247,"('rrroll', 'VBP')"
5247,"('rrrrroll', 'VBP')"
5247,"('ppppop', 'NN')"
5248,"('ggg', 'JJ')"
5249,"('pppopping', 'VBG')"
5252,"('ppppressure', 'NN')"
5252,"('fffreak', 'VB')"
5253,"('ppppressure', 'NN')"
5253,"('fffreak', 'VB')"
5256,"('iiii', 'NN')"
5256,"('iiii', 'NN')"
5256,"('iii', 'NN')"
5256,"('iiii', 'VBP')"
5256,"('iiii', 'VBP')"
5256,"('iiii', 'NN')"
5256,"('iii', 'NN')"
5256,"('iiii', 'JJ')"
5256,"('iiii', 'NN')"
5256,"('iii', 'NN')"
5259,"('gggames', 'VBZ')"
5259,"('iii', 'JJ')"
5259,"('iii', 'VBD')"
5259,"('gggames', 'VBZ')"
5259,"('iii', 'JJ')"
5259,"('iii', 'VBD')"
5259,"('iii', 'NN')"
5259,"('iii', 'VBD')"
5261,"('iiiim', 'JJ')"
5272,"('succcess', 'NN')"
5284,"('weee', 'VB')"
5308,"('mmm', 'NN')"
5320,"('bzzz', 'NN')"
5331,"('yaaa', 'JJ')"
5332,"('gzzz', 'JJ')"
5332,"('gzzz', 'NN')"
5332,"('bzzz', 'VBP')"
5332,"('bzzz', 'NN')"
5334,"('psssh', 'JJ')"
5341,"('shhh', 'NN')"
5341,"('yahhh', 'NN')"
5344,"('wooo', 'NN')"
5348,"('innaaah', 'NN')"
5357,"('shhhh', 'JJ')"
5357,"('shhhh', 'NN')"
5357,"('shhhh', 'NN')"
5357,"('shhhh', 'NN')"
5361,"('smmmoking', 'VBG')"
5366,"('mmmmmm', 'NN')"
5375,"('oooooh', 'NN')"
5376,"('mmmmmmmm', 'VB')"
5376,"('oooh', 'JJ')"
5380,"('mmm', 'NN')"
5380,"('mmm', 'NN')"
5380,"('mmm', 'NN')"
5380,"('mmm', 'NN')"
5380,"('mmm', 'NN')"
5380,"('mmm', 'NN')"
5380,"('mmm', 'NN')"
5380,"('mmm', 'NN')"
5380,"('mmm', 'NN')"
5380,"('mmm', 'NN')"
5380,"('mmm', 'NN')"
5382,"('ummm', 'NN')"
5386,"('wooo', 'NN')"
5390,"('www', 'VB')"
5397,"('owww', 'NN')"
5401,"('thissss', 'VB')"
5401,"('ggggot', 'VBP')"
5401,"('bbbbbills', 'NNS')"
5401,"('fffffufffuck', 'NN')"
5401,"('ttttto', 'JJ')"
5401,"('pppppregnant', 'JJ')"
5401,"('melaninnnn', 'NN')"
5401,"('cccrack', 'NN')"
5404,"('wwwpimpinkennet', 'NN')"
5409,"('oooh', 'VBP')"
5413,"('niggga', 'NN')"
5415,"('annngel', 'NN')"
5415,"('annngel', 'NN')"
5415,"('miiiine', 'JJ')"
5415,"('annngel', 'NN')"
5415,"('annngel', 'NN')"
5415,"('annngel', 'NN')"
5415,"('miiiine', 'JJ')"
5417,"('chuuuuuch', 'JJ')"
5420,"('bitachhh', 'NNS')"
5420,"('southhh', 'NN')"
5450,"('awww', 'JJ')"
5450,"('wweee', 'NN')"
5458,"('brrrrrr', 'VBZ')"
5462,"('ahhh', 'NN')"
5494,"('hooooo', 'NN')"
5494,"('hooooo', 'NN')"
5494,"('hooooo', 'NN')"
5497,"('hhhhhhey', 'NN')"
5514,"('daaaaaaaamn', 'NN')"
5519,"('mmm', 'VBP')"
5519,"('mmm', 'VBP')"
5528,"('ahhh', 'NN')"
5528,"('ratttttt', 'NN')"
5528,"('wooo', 'VBZ')"
5528,"('haaa', 'VBZ')"
5542,"('owww', 'JJ')"
5554,"('oooh', 'NN')"
5554,"('oooh', 'JJ')"
5554,"('oooh', 'JJ')"
5554,"('oooh', 'JJ')"
5554,"('oooh', 'JJ')"
5554,"('oooh', 'JJ')"
5554,"('oooh', 'JJ')"
5554,"('oooh', 'JJ')"
5554,"('oooh', 'JJ')"
5554,"('oooh', 'JJ')"
5554,"('oooh', 'JJ')"
5554,"('oooh', 'JJ')"
5562,"('shiiit', 'NN')"
5581,"('iii', 'JJ')"
5595,"('mmm', 'NN')"
5601,"('iii', 'NN')"
5603,"('nineteeeeen', 'JJ')"
5608,"('threeeightynine', 'JJ')"
5609,"('ppp', 'JJ')"
5609,"('ppp', 'NN')"
5612,"('uhhahhh', 'JJ')"
5612,"('owwww', 'JJ')"
5612,"('ppp', 'NN')"
5612,"('ooooohhhh', 'JJ')"
5612,"('ooooohhhh', 'JJ')"
5616,"('hahahahahahaaaa', 'NN')"
5617,"('ahhhh', 'NN')"
5618,"('securityyy', 'NN')"
5620,"('sliiiide', 'JJ')"
5620,"('ooooogs', 'NNS')"
5620,"('hiiiiigh', 'JJ')"
5622,"('mmm', 'VBP')"
5627,"('hooooaa', 'NN')"
5627,"('haaaaaa', 'NN')"
5627,"('hooooaa', 'NN')"
5627,"('haaaaaa', 'NN')"
5627,"('hooooaa', 'NN')"
5627,"('hooooaa', 'NN')"
5627,"('haaaaaa', 'NN')"
5627,"('hooooaa', 'NN')"
5627,"('haaaaaa', 'NN')"
5627,"('hooooaa', 'NN')"
5627,"('haaaaaa', 'NN')"
5627,"('hooooaa', 'NN')"
5627,"('haaaaaa', 'NN')"
5628,"('iii', 'NN')"
5630,"('ppp', 'NN')"
5631,"('woowoowowowowooo', 'NN')"
5631,"('ooooooh', 'VBP')"
5632,"('hummmmm', 'NN')"
5632,"('hummmmm', 'NN')"
5632,"('hummmmm', 'NN')"
5632,"('hummmmm', 'VB')"
5632,"('hummmmm', 'NN')"
5632,"('hummmmm', 'NN')"
5632,"('hummmmm', 'NN')"
5632,"('hummmmm', 'NN')"
5632,"('hummmmm', 'NN')"
5633,"('ppp', 'NN')"
5633,"('oooh', 'JJ')"
5633,"('oooh', 'JJ')"
5633,"('oooh', 'JJ')"
5633,"('oooh', 'JJ')"
5633,"('oooh', 'JJ')"
5633,"('oooh', 'JJ')"
5633,"('ppp', 'NN')"
5635,"('oooooooooooh', 'NN')"
5635,"('oooooooooooh', 'NN')"
5635,"('oooooooooh', 'JJ')"
5635,"('oooooooooooh', 'NN')"
5635,"('oooooooooooh', 'NN')"
5635,"('oooooooooooh', 'NN')"
5635,"('oooh', 'NN')"
5637,"('iiiiiiiyiiiihhhhh', 'JJ')"
5637,"('ppp', 'VBP')"
5646,"('haaaa', 'NN')"
5646,"('yeahhh', 'NN')"
5646,"('uptowwwwn', 'JJ')"
5647,"('ppp', 'NN')"
5648,"('shhh', 'NN')"
5648,"('brrrahic', 'JJ')"
5648,"('owwwwt', 'NN')"
5648,"('owwwwt', 'NN')"
5648,"('awwwwuhhhhh', 'NN')"
5648,"('shhh', 'NN')"
5648,"('owwwwt', 'NN')"
5648,"('owwwwt', 'JJ')"
5648,"('nassswipp', 'JJ')"
5649,"('oooh', 'NN')"
5650,"('yeahhhh', 'VBP')"
5650,"('oooh', 'NN')"
5650,"('aiyyyoyoyo', 'NN')"
5652,"('bbbblack', 'NN')"
5654,"('hahahahahahaaaaa', 'NN')"
5654,"('hahahahahahaaaa', 'NN')"
5654,"('bitttttch', 'NN')"
5654,"('thaaaang', 'NN')"
5655,"('dammmn', 'VBZ')"
5657,"('rrrah', 'NN')"
5657,"('rrrah', 'NN')"
5658,"('ppp', 'VBP')"
5659,"('ohhhh', 'NN')"
5659,"('ohhh', 'RB')"
5660,"('ppp', 'NN')"
5660,"('ahhh', 'NNS')"
5663,"('pppussies', 'NNS')"
5665,"('fffffake', 'NN')"
5668,"('ooohnah', 'JJ')"
5678,"('duuuh', 'NN')"
5680,"('ohhhhh', 'JJ')"
5680,"('mmmmmillion', 'NN')"
5680,"('rrrrrrubs', 'VB')"
5709,"('oooh', 'RB')"
5710,"('rrraaanngg', 'NN')"
5716,"('girlll', 'NN')"
5718,"('mmm', 'NN')"
5718,"('mmmmaybach', 'NN')"
5740,"('hahaaaeeeh', 'NN')"
5751,"('mmm', 'VBP')"
5755,"('aaah', 'NN')"
5755,"('boooooss', 'NN')"
5755,"('boooooss', 'NN')"
5755,"('boooooss', 'NN')"
5755,"('boooooss', 'NN')"
5755,"('boooooss', 'NN')"
5755,"('boooooss', 'NN')"
5765,"('whooo', 'NN')"
5765,"('ohhh', 'NN')"
5765,"('ohhh', 'NN')"
5768,"('ohhh', 'NN')"
5768,"('ohhh', 'NN')"
5768,"('ohhh', 'NN')"
5768,"('ohhh', 'NN')"
5768,"('yeahhhhh', 'NN')"
5779,"('mmm', 'VB')"
5779,"('mmm', 'VBP')"
5779,"('mmm', 'VB')"
5785,"('wassuppp', 'NN')"
5797,"('ohhhh', 'VBP')"
5797,"('ohhhh', 'JJ')"
5797,"('ohhhh', 'NN')"
5797,"('ohhhhh', 'NN')"
5797,"('ohhhhh', 'NN')"
5797,"('ohhhh', 'NN')"
5797,"('ohhhh', 'NN')"
5797,"('ohhhh', 'NN')"
5797,"('ohhhhh', 'NN')"
5797,"('ohhhhh', 'NN')"
5797,"('ohhhh', 'VBP')"
5797,"('ohhhh', 'JJ')"
5797,"('ohhhh', 'NN')"
5797,"('ohhhhh', 'NN')"
5797,"('ohhhhh', 'NN')"
5797,"('ohhhhh', 'NN')"
5797,"('ohhhh', 'NN')"
5797,"('ohhhh', 'NN')"
5797,"('ohhhh', 'NN')"
5797,"('ohhhhh', 'NN')"
5797,"('ohhhhh', 'NN')"
5797,"('ohhhhh', 'NN')"
5797,"('ohhhh', 'VBP')"
5797,"('ohhhh', 'JJ')"
5797,"('ohhhh', 'NN')"
5797,"('ohhhhh', 'NN')"
5797,"('ohhhhh', 'NN')"
5797,"('ohhhhh', 'NN')"
5809,"('oooh', 'JJ')"
5809,"('oooh', 'JJ')"
5809,"('oooh', 'RP')"
5809,"('oooh', 'JJ')"
5809,"('oooh', 'JJ')"
